종목명,현재가,전일비,등락률,NAV,3개월수익률,거래량,거래대금(백만)
KODEX CD금리액티브(합성),"1,058,205",상승 285,+0.03%,"1,058,010",+0.85%,"274,321","290,287"
TIGER 미국S&P500,"22,055",상승 390,+1.80%,"22,050",+14.15%,"3,766,441","82,825"
TIGER CD금리투자KIS(합성),"55,460",상승 15,+0.03%,"55,459",+0.85%,"298,152","16,534"
KODEX 200,"32,235",하락 190,-0.59%,"32,261",-7.13%,"2,788,963","90,218"
TIGER 미국나스닥100,"142,490","상승 3,160",+2.27%,"142,217",+18.00%,"344,678","48,961"
KODEX KOFR금리액티브(합성),"109,045",상승 10,+0.01%,"109,031",+0.83%,"46,648","5,086"
KODEX 머니마켓액티브,"101,505",상승 10,+0.01%,"101,528",+0.93%,"77,522","7,868"
TIGER KOFR금리액티브(합성),"107,560",상승 10,+0.01%,"107,556",+0.83%,"74,338","7,995"
KODEX 미국S&P500TR,"20,215",상승 350,+1.76%,"20,225",+14.13%,"2,337,908","47,152"
TIGER 미국테크TOP10 INDXX,"26,330",상승 610,+2.37%,"26,287",+25.83%,"2,322,538","61,024"
KODEX 종합채권(AA-이상)액티브,"115,845",하락 80,-0.07%,"115,843",+1.52%,"71,689","8,301"
TIGER 미국필라델피아반도체나스..,"19,970",상승 355,+1.81%,"20,016",+10.52%,"1,972,484","39,356"
KODEX 레버리지,"14,080",하락 150,-1.05%,"14,140",-15.67%,"13,705,168","194,264"
KODEX 200TR,"11,325",하락 50,-0.44%,"11,309",-6.99%,"140,043","1,590"
TIGER MSCI Korea TR,"13,485",하락 60,-0.44%,"13,488",-8.97%,"3,071",41
RISE 머니마켓액티브,"53,450",상승 10,+0.02%,"53,454",+0.93%,"300,114","16,040"
TIGER 미국배당다우존스,"12,955",상승 165,+1.29%,"12,966",+7.30%,"1,369,558","17,701"
TIGER 200,"32,295",하락 170,-0.52%,"32,304",-7.22%,"802,197","25,968"
KODEX CD1년금리플러스액티브(합..,"1,024,350",상승 255,+0.02%,"1,024,176",+0.83%,"10,126","10,372"
TIGER 차이나전기차SOLACTIVE,"9,540",상승 65,+0.69%,"9,589",+33.83%,"1,335,624","12,725"
ACE 미국30년국채액티브(H),"7,865",하락 10,-0.13%,"7,887",-10.98%,"2,195,190","17,278"
KODEX 미국나스닥100TR,"21,385",상승 485,+2.32%,"21,336",+18.15%,"1,396,584","29,772"
KODEX 단기채권PLUS,"112,980",상승 15,+0.01%,"112,977",+0.87%,"13,877","1,567"
KODEX 코스닥150레버리지,"6,565",하락 45,-0.68%,"6,589",-28.46%,"28,630,997","189,083"
ACE 미국S&P500,"22,285",상승 390,+1.78%,"22,292",+14.13%,"773,407","17,189"
RISE 종합채권(A-이상)액티브,"107,510",하락 70,-0.07%,"107,403",+1.59%,"7,100",762
TIGER 25-10 회사채(A+이상)액티..,"54,070",상승 10,+0.02%,"54,073",+0.92%,"190,648","10,306"
ACE 미국나스닥100,"24,480",상승 555,+2.32%,"24,442",+17.93%,"696,681","17,013"
KODEX 200선물인버스2X,"2,545",상승 25,+0.99%,"2,551",+14.81%,"84,687,889","214,525"
KODEX 코스닥150,"11,180",하락 45,-0.40%,"11,179",-13.89%,"5,563,391","62,379"
TIGER 미국30년국채커버드콜액티..,"8,535",상승 15,+0.18%,"8,558",-10.06%,"1,574,517","13,449"
RISE 200,"32,490",하락 155,-0.47%,"32,495",-7.21%,"897,396","29,174"
TIGER 25-12 금융채(AA-이상),"50,345",상승 15,+0.03%,"50,349",N/A,573,28
TIGER CD1년금리액티브(합성),"1,032,485",상승 275,+0.03%,"1,032,481",+0.85%,"19,463","20,095"
RISE CD금리액티브(합성),"102,700",상승 25,+0.02%,"102,657",+0.87%,"2,688",276
KODEX 삼성그룹,"8,085",하락 75,-0.92%,"8,110",-13.19%,"327,547","2,654"
KODEX 25-11 은행채(AA-이상)PLU..,"10,380",0,0.00%,"10,379",+0.97%,"115,730","1,201"
KODEX 25-12 은행채(AAA)액티브,"101,170",상승 10,+0.01%,"101,169",+0.90%,"5,476",554
RISE 미국나스닥100,"23,705",상승 520,+2.24%,"23,669",+17.96%,"297,465","7,032"
KODEX 2차전지산업,"12,215",하락 270,-2.16%,"12,220",-30.60%,"1,680,875","20,668"
TIGER 미국배당다우존스타겟커버..,"11,030",상승 125,+1.15%,"11,033",+7.58%,"919,894","10,127"
TIGER 2차전지테마,"15,000",하락 295,-1.93%,"15,002",-29.32%,"486,677","7,360"
KODEX MSCI Korea TR,"10,735",하락 60,-0.56%,"10,732",-8.86%,"1,942",20
SOL 종합채권(AA-이상)액티브,"112,290",하락 60,-0.05%,"112,252",+1.50%,60,6
RISE 미국S&P500,"19,290",상승 340,+1.79%,"19,298",+14.09%,"373,932","7,198"
ACE 테슬라밸류체인액티브,"20,450","상승 1,335",+6.98%,"20,165",+63.45%,"2,394,538","48,876"
SOL 미국배당다우존스,"11,900",상승 150,+1.28%,"11,908",+7.45%,"442,315","5,250"
TIGER 단기통안채,"109,180",상승 20,+0.02%,"109,178",+0.77%,"18,626","2,033"
KODEX Top5PlusTR,"20,525",하락 85,-0.41%,"20,586",-5.76%,"14,325",295
TIGER 인도니프티50,"13,720",0,0.00%,"13,789",-1.63%,"394,078","5,403"
ACE 종합채권(AA-이상)KIS액티브,"105,900",하락 50,-0.05%,"105,816",+1.40%,636,67
RISE 단기통안채,"113,850",상승 15,+0.01%,"113,867",+0.76%,"6,634",755
KOSEF 200TR,"41,150",하락 145,-0.35%,"41,116",-7.12%,"22,735",936
KODEX 단기채권,"111,935",상승 5,0.00%,"111,933",+0.78%,"13,758","1,539"
TIGER 미국달러단기채권액티브,"13,375",상승 90,+0.68%,"13,364",+10.25%,"415,631","5,547"
TIGER 미국30년국채스트립액티브..,"39,860",하락 120,-0.30%,"40,147",-15.87%,"169,914","6,792"
KODEX 미국빅테크10(H),"48,670",상승 970,+2.03%,"48,604",+16.57%,"152,082","7,401"
TIGER 종합채권(AA-이상)액티브,"55,485",하락 15,-0.03%,"55,420",+1.56%,590,32
ACE KRX금현물,"17,745",상승 210,+1.20%,"17,678",+8.95%,"445,017","7,868"
TIGER 미국나스닥100타겟데일리..,"10,890",상승 235,+2.21%,"10,867",+17.35%,"1,237,104","13,414"
ACE 미국배당다우존스,"13,130",상승 175,+1.35%,"13,129",+7.43%,"540,478","7,079"
TIGER 차이나항셍테크,"7,370",상승 50,+0.68%,"7,372",+26.64%,"639,115","4,707"
ACE 미국빅테크TOP7 Plus,"19,430",상승 435,+2.29%,"19,389",+27.06%,"922,443","17,892"
TIGER 리츠부동산인프라,"4,055",하락 45,-1.10%,"4,072",-11.10%,"1,532,469","6,245"
TIGER 미국달러SOFR금리액티브(..,"59,490",상승 345,+0.58%,"59,494",+10.52%,"31,680","1,881"
PLUS 200,"32,780",하락 150,-0.46%,"32,778",-7.16%,"82,649","2,714"
TIGER Fn반도체TOP10,"9,065",하락 145,-1.57%,"9,093",-10.63%,"373,907","3,407"
KODEX 미국반도체MV,"25,290",상승 360,+1.44%,"25,370",+14.16%,"392,579","9,918"
KODEX 인버스,"4,760",상승 20,+0.42%,"4,766",+8.34%,"12,368,624","58,723"
TIGER 200 IT,"26,205",하락 280,-1.06%,"26,266",-15.34%,"50,424","1,324"
TIGER 단기채권액티브,"55,005",상승 10,+0.02%,"55,000",+0.83%,"405,698","22,311"
TIGER TOP10,"10,550",하락 20,-0.19%,"10,558",-7.32%,"54,980",581
KODEX 미국30년국채타겟커버드콜..,"9,160",상승 10,+0.11%,"9,195",-10.20%,"653,458","5,996"
KODEX 인도Nifty50,"14,015",하락 10,-0.07%,"14,089",-1.95%,"421,920","5,915"
KODEX 자동차,"18,230",상승 85,+0.47%,"18,260",-5.45%,"130,149","2,364"
SOL 초단기채권액티브,"52,405",상승 10,+0.02%,"52,411",+0.96%,"100,078","5,244"
TIGER 미국테크TOP10타겟커버드..,"15,245",상승 325,+2.18%,"15,241",+26.70%,"660,593","10,052"
SOL 조선TOP3플러스,"15,675",상승 585,+3.88%,"15,673",+17.61%,"2,302,128","35,866"
PLUS 고배당주,"14,820",하락 90,-0.60%,"14,839",-0.84%,"496,266","7,356"
KODEX 국고채3년,"61,635",상승 10,+0.02%,"61,621",+0.89%,"24,954","1,536"
KODEX 반도체,"28,630",하락 315,-1.09%,"28,623",-9.59%,"308,419","8,853"
KODEX 국고채30년액티브,"118,995",하락 30,-0.03%,"118,589",+3.50%,"15,459","1,832"
KODEX 미국달러SOFR금리액티브(..,"12,320",상승 75,+0.61%,"12,317",+10.66%,"321,061","3,946"
PLUS 머니마켓액티브,"51,465",상승 10,+0.02%,"51,465",+0.92%,"7,449",383
TIGER 2차전지소재Fn,"3,970",하락 135,-3.29%,"3,985",-34.06%,"1,568,244","6,295"
KODEX 미국S&P500(H),"14,050",상승 160,+1.15%,"14,055",+4.08%,"302,975","4,256"
HANARO 200,"32,355",하락 185,-0.57%,"32,367",-7.12%,"3,190",103
KODEX 코스피,"24,860",하락 105,-0.42%,"24,880",-6.95%,"79,173","1,973"
KODEX 선진국MSCI World,"31,915",상승 435,+1.38%,"31,936",+10.93%,"43,019","1,363"
TIGER 미국나스닥100커버드콜(합..,"11,810",상승 180,+1.55%,"11,809",+15.61%,"390,647","4,600"
ACE 글로벌반도체TOP4 Plus SOLA..,"26,330",상승 245,+0.94%,"26,406",+13.48%,"207,657","5,466"
KOSEF 국고채10년,"117,045",하락 275,-0.23%,"117,158",+0.72%,"16,830","1,969"
RISE 미국30년국채엔화노출(합성..,"8,445",상승 5,+0.06%,"8,462",-11.68%,"479,985","4,055"
KODEX 미국AI테크TOP10타겟커버..,"12,350",상승 210,+1.73%,"12,310",+26.25%,"832,476","10,256"
KODEX 국고채10년액티브,"111,335",하락 170,-0.15%,"111,311",+0.73%,"62,514","6,952"
ACE 200,"32,690",하락 175,-0.53%,"32,676",-7.16%,"4,031",132
KOSEF 200,"32,195",하락 160,-0.49%,"32,211",-7.25%,"17,129",553
히어로즈 종합채권(AA-이상)액티..,"109,980",하락 205,-0.19%,"109,871",+1.59%,5,0
1Q 머니마켓액티브,"51,495",상승 15,+0.03%,"51,491",+0.91%,"9,071",467
1Q CD금리액티브(합성),"100,915",상승 25,+0.02%,"100,758",+0.86%,"12,024","1,213"
TIGER 미국S&P500TR(H),"14,555",상승 175,+1.22%,"14,552",+4.28%,"262,776","3,823"
TIGER 중장기국채,"52,265",하락 25,-0.05%,"52,242",+0.75%,"7,875",411
RISE KIS국고채30년Enhanced,"80,850",하락 170,-0.21%,"80,787",+4.49%,"69,066","5,550"
TIGER 테슬라채권혼합Fn,"15,430",상승 655,+4.43%,"15,227",+24.47%,"989,467","15,121"
KODEX 은행,"8,350",하락 80,-0.95%,"8,367",-0.17%,"207,240","1,732"
KODEX 미국나스닥100(H),"17,150",상승 265,+1.57%,"17,125",+7.82%,"292,972","5,022"
KODEX 26-12 회사채(AA-이상)액..,"10,575",0,0.00%,"10,575",+1.00%,"20,026",211
히어로즈 머니마켓액티브,"51,620",상승 10,+0.02%,"51,620",+0.87%,"10,283",530
TIGER 2차전지TOP10,"8,380",하락 175,-2.05%,"8,380",-27.75%,"1,987,542","16,778"
KODEX 미국30년국채액티브(H),"9,160",상승 5,+0.05%,"9,162",-10.55%,"973,065","8,923"
TIGER 글로벌자율주행&전기차SOL..,"11,635",상승 325,+2.87%,"11,712",+14.42%,"161,863","1,876"
KODEX 미국배당다우존스,"11,130",상승 155,+1.41%,"11,128",+7.38%,"642,734","7,122"
TIMEFOLIO 글로벌AI인공지능액티..,"27,515",상승 855,+3.21%,"27,422",+32.47%,"308,494","8,462"
KODEX 미국30년국채울트라선물(H..,"7,525",하락 5,-0.07%,"7,521",-10.78%,"359,635","2,702"
KODEX ESG종합채권(A-이상)액티..,"113,050",상승 215,+0.19%,"113,010",+1.26%,47,5
KODEX 25-11 회사채(A+이상)액티..,"10,705",상승 5,+0.05%,"10,706",+0.75%,"11,817",126
TIGER 헬스케어,"35,850",상승 10,+0.03%,"35,927",-11.72%,"38,865","1,397"
PLUS 종합채권(AA-이상)액티브,"112,870",하락 180,-0.16%,"112,915",+1.59%,12,1
TIGER 글로벌리튬&2차전지SOLACT..,"6,810",상승 80,+1.19%,"6,893",+18.80%,"133,906",909
1Q 단기금융채액티브,"105,915",상승 20,+0.02%,"105,913",+0.86%,"2,448",259
RISE 200위클리커버드콜,"8,440",하락 10,-0.12%,"8,404",-7.32%,"761,449","6,426"
TIGER 일본니케이225,"22,235",상승 380,+1.74%,"22,241",+3.68%,"19,663",434
TIGER 미국필라델피아반도체레버..,"26,840",상승 925,+3.57%,"27,011",+18.71%,"279,669","7,506"
TIGER 미국S&P500타겟데일리커버..,"11,670",상승 205,+1.79%,"11,666",+14.20%,"346,062","4,025"
KODEX 미국AI전력핵심인프라,"13,050",상승 175,+1.36%,"13,115",+18.39%,"290,360","3,785"
ACE CD금리&초단기채권액티브,"101,845",상승 25,+0.02%,"101,847",+0.95%,"37,359","3,804"
PLUS K방산,"18,660",상승 150,+0.81%,"18,705",+1.42%,"456,936","8,532"
ACE 베트남VN30(합성),"21,865",상승 445,+2.08%,"22,092",+4.92%,"84,745","1,848"
TIGER 은행고배당플러스TOP10,"13,860",하락 105,-0.75%,"13,885",+1.09%,"381,822","5,302"
TIMEFOLIO 미국나스닥100액티브,"28,350",상승 900,+3.28%,"28,209",+36.30%,"384,468","10,844"
KOSEF 인도Nifty50(합성),"25,700",0,0.00%,"25,826",-2.58%,"80,307","2,063"
RISE KOFR금리액티브(합성),"102,310",상승 10,+0.01%,"102,294",+0.82%,"1,813",185
KODEX 테슬라커버드콜채권혼합액..,"10,185",상승 110,+1.09%,"10,153",+10.53%,"499,622","5,082"
SOL 미국배당다우존스(H),"11,315",상승 85,+0.76%,"11,303",-2.02%,"617,812","6,982"
TIGER 투자등급회사채액티브,"114,280",상승 15,+0.01%,"114,259",+1.17%,"6,038",689
TIGER 미국나스닥100TR(H),"17,655",상승 300,+1.73%,"17,624",+7.69%,"380,275","6,707"
ACE 국고채10년,"92,140",하락 135,-0.15%,"92,133",+0.78%,"23,850","2,195"
KODEX 코스닥150선물인버스,"4,200",상승 15,+0.36%,"4,210",+15.13%,"22,062,894","92,457"
TIGER 글로벌AI액티브,"19,150",상승 540,+2.90%,"19,089",+26.56%,"147,042","2,797"
SOL AI반도체소부장,"9,740",하락 140,-1.42%,"9,711",-14.68%,"88,000",856
TIGER 미국S&P500동일가중,"11,025",상승 140,+1.29%,"11,084",+8.03%,"111,480","1,225"
TIGER 27-04회사채(A+이상)액티..,"51,955",하락 10,-0.02%,"51,958",+1.06%,"4,616",239
RISE 200TR,"17,780",하락 110,-0.61%,"17,789",-7.07%,"22,511",401
KODEX 200액티브,"9,270",하락 50,-0.54%,"9,282",N/A,"1,245",11
SOL 26-12 회사채(AA-이상)액티..,"50,610",하락 10,-0.02%,"50,601",N/A,"5,360",271
RISE 비메모리반도체액티브,"9,255",하락 185,-1.96%,"9,259",-8.35%,"17,015",158
ACE 미국S&P500채권혼합액티브,"13,220",상승 125,+0.95%,"13,194",+11.35%,"334,276","4,406"
RISE ESG사회책임투자,"11,980",하락 70,-0.58%,"12,013",-6.84%,"23,766",285
KODEX 차이나항셍테크,"7,360",상승 85,+1.17%,"7,337",+26.63%,"83,103",610
TIGER 반도체,"29,480",하락 405,-1.36%,"29,535",-9.73%,"36,288","1,074"
SOL 미국30년국채커버드콜(합성),"9,965",상승 55,+0.55%,"9,992",-0.01%,"400,237","3,983"
KODEX 코리아밸류업,"9,400",0,0.00%,"9,412",N/A,"52,002",489
KODEX 미국나스닥100레버리지(합..,"13,030",상승 380,+3.00%,"13,034",+14.07%,"249,887","3,252"
TIGER 미국테크TOP10 INDXX(H),"15,840",상승 285,+1.83%,"15,787",+15.39%,"664,844","10,514"
RISE 수소경제테마,"8,280",하락 70,-0.84%,"8,285",-10.84%,"31,126",258
TIGER 화장품,"2,655",하락 45,-1.67%,"2,666",-11.04%,"2,635,990","6,981"
ACE 미국달러SOFR금리(합성),"12,075",상승 80,+0.67%,"12,053",+10.65%,"60,914",733
KODEX TRF3070,"13,610",상승 65,+0.48%,"13,600",+5.08%,"75,040","1,019"
TIGER 미국S&P500선물(H),"65,355",상승 705,+1.09%,"65,306",+3.66%,"21,710","1,418"
KODEX 단기변동금리부채권액티브,"112,865",상승 30,+0.03%,"112,864",+0.78%,"1,471",166
ACE 미국빅테크7+데일리타겟커버..,"12,900",상승 285,+2.26%,"12,930",+22.50%,"337,546","4,334"
KODEX 골드선물(H),"15,965",상승 60,+0.38%,"15,960",-1.33%,"65,083","1,038"
RISE 단기국공채액티브,"111,505",상승 15,+0.01%,"111,488",+0.85%,"2,712",302
HANARO Fn K-반도체,"8,965",하락 80,-0.88%,"8,952",-8.27%,"14,738",132
TIGER 차이나CSI300,"10,610",상승 120,+1.14%,"10,646",+24.66%,"111,288","1,178"
TIGER 글로벌비만치료제TOP2Plus,"9,905",상승 75,+0.76%,"9,948",-12.72%,"100,013",987
RISE 국고채3년선물인버스,"109,495",하락 20,-0.02%,"109,601",+0.73%,4,0
SOL 미국배당미국채혼합50,"10,565",상승 125,+1.20%,"10,528",+4.84%,"417,101","4,391"
KODEX 2차전지산업레버리지,"1,209",하락 74,-5.77%,"1,223",-54.34%,"8,781,436","10,864"
히어로즈 CD금리액티브(합성),"105,715",상승 35,+0.03%,"105,671",+0.83%,"2,071",218
SOL 200TR,"11,765",하락 35,-0.30%,"11,754",-7.09%,209,2
TIGER 미국필라델피아AI반도체나..,"11,325",상승 200,+1.80%,"11,329",N/A,"1,067,439","12,072"
TIGER 코스피,"25,160",하락 100,-0.40%,"25,174",-6.79%,"15,419",389
TIGER 글로벌혁신블루칩TOP10,"16,540",상승 195,+1.19%,"16,517",+20.14%,"42,830",708
RISE 25-06 은행채(AA+이상)액티..,"50,960",0,0.00%,"50,960",+0.84%,133,6
SOL 미국AI소프트웨어,"13,780",상승 240,+1.77%,"13,783",+23.82%,"420,458","5,773"
KODEX 미국달러선물인버스2X,"5,125",하락 55,-1.06%,"5,112",-16.72%,"2,168,585","11,135"
TIGER 미국테크TOP10채권혼합,"13,435",상승 190,+1.43%,"13,385",+11.02%,"252,781","3,392"
TIGER 인도빌리언컨슈머,"10,415",상승 10,+0.10%,"10,489",-10.12%,"60,107",625
RISE 글로벌자산배분액티브,"12,990",상승 80,+0.62%,"12,979",+7.00%,"158,723","2,058"
TIGER 차이나과창판STAR50(합성),"8,400",상승 220,+2.69%,"8,484",+60.23%,"200,452","1,668"
TIGER CD금리플러스액티브(합성),"1,001,660",상승 270,+0.03%,"1,001,657",N/A,"85,084","85,225"
TIGER 미국채10년선물,"12,670",상승 55,+0.44%,"12,686",+3.96%,"81,120","1,026"
TIGER 미국나스닥100TR채권혼합F..,"13,125",상승 75,+0.57%,"13,168",+6.01%,"136,388","1,788"
ACE 26-06 회사채(AA-이상)액티..,"10,880",0,0.00%,"10,880",+1.07%,"14,123",153
KODEX 장기종합채권(AA-이상)액..,"99,845",하락 65,-0.07%,"99,805",+2.04%,"1,462",145
KODEX TDF2050액티브,"14,570",상승 170,+1.18%,"14,561",+7.89%,"151,087","2,196"
PLUS 국고채10년액티브,"54,795",하락 105,-0.19%,"54,775",+0.59%,89,4
ACE 엔비디아채권혼합블룸버그,"22,450",상승 70,+0.31%,"22,424",+10.06%,"161,965","3,628"
TIGER 글로벌온디바이스AI,"11,085",상승 210,+1.93%,"11,106",+11.28%,"72,017",796
RISE 25-11 회사채(AA-이상)액티..,"52,655",상승 15,+0.03%,"52,655",+0.86%,"5,336",280
SOL 25-09 회사채(AA-이상)액티..,"53,460",상승 10,+0.02%,"53,457",+0.85%,"2,082",111
TIGER 미국투자등급회사채액티브..,"48,455",상승 35,+0.07%,"48,493",-4.86%,"8,166",395
TIGER 국고채30년스트립액티브,"59,210",하락 130,-0.22%,"59,296",+5.10%,"78,621","4,623"
ACE 엔비디아밸류체인액티브,"10,055",상승 130,+1.31%,"10,056",+15.21%,"513,407","5,145"
KODEX 미국S&P500선물(H),"27,240",상승 330,+1.23%,"27,230",+3.54%,"14,900",405
TIGER 미국MSCI리츠(합성 H),"12,850",상승 55,+0.43%,"12,914",-8.33%,"80,150","1,028"
TIGER BBIG,"5,930",하락 20,-0.34%,"5,924",-8.11%,"45,144",268
KODEX 바이오,"7,685",하락 55,-0.71%,"7,699",-11.74%,"85,067",656
ACE 미국WideMoat동일가중,"28,400",상승 395,+1.41%,"28,265",+8.93%,"29,860",842
SOL 미국테크TOP10,"14,225",상승 365,+2.63%,"14,183",+26.06%,"226,393","3,208"
RISE 2차전지액티브,"6,385",하락 150,-2.30%,"6,384",-28.34%,"29,952",192
KODEX 한국부동산리츠인프라,"4,570",0,0.00%,"4,569",-10.92%,"807,007","3,701"
SOL 미국S&P500,"18,415",상승 330,+1.82%,"18,417",+14.05%,"44,801",822
ACE 25-06 회사채(AA-이상)액티..,"10,735",상승 10,+0.09%,"10,732",+0.80%,"13,953",149
ACE 미국500데일리타겟커버드콜(..,"11,315",상승 135,+1.21%,"11,354",+14.56%,"349,505","3,947"
KODEX 미국나스닥100데일리커버..,"11,125",상승 195,+1.78%,"11,089",N/A,"1,442,951","16,004"
KODEX 미국배당커버드콜액티브,"12,215",상승 175,+1.45%,"12,215",+10.53%,"277,477","3,382"
TIGER 바이오TOP10,"7,075",상승 10,+0.14%,"7,066",-13.79%,"256,912","1,821"
1Q 현대차그룹채권(A+이상)&국고..,"50,315",상승 25,+0.05%,"50,318",N/A,133,6
ACE 단기통안채,"103,840",상승 15,+0.01%,"103,842",+0.80%,"3,926",407
TIGER 미국AI빅테크10,"12,515",상승 225,+1.83%,"12,472",+23.46%,"357,697","4,454"
TIGER 미국나스닥100레버리지(합..,"28,655","상승 1,280",+4.68%,"28,549",+37.91%,"144,811","4,122"
TIGER 미국AI빅테크10타겟데일리..,"11,750",상승 210,+1.82%,"11,725",N/A,"250,171","2,931"
SOL 국고채10년,"109,880",하락 145,-0.13%,"109,834",+0.77%,"2,575",282
PLUS 국공채머니마켓액티브,"50,575",상승 5,+0.01%,"50,579",+0.94%,2,0
ACE 2월만기자동연장회사채AA-이..,"10,375",하락 5,-0.05%,"10,380",+0.87%,"1,284",13
ACE 중국본토CSI300,"28,915",상승 160,+0.56%,"29,122",+26.62%,"2,618",75
KODEX 미국나스닥100선물(H),"25,405",상승 380,+1.52%,"25,338",+7.45%,"43,999","1,115"
KODEX 미국배당다우존스타겟커버..,"10,820",상승 120,+1.12%,"10,822",+7.84%,"210,903","2,274"
SOL 2차전지소부장Fn,"3,860",하락 125,-3.14%,"3,860",-32.86%,"318,297","1,238"
RISE IT플러스,"14,165",하락 230,-1.60%,"14,204",-11.00%,"2,009",28
KODEX 2차전지핵심소재10,"4,080",하락 145,-3.43%,"4,099",-33.98%,"466,451","1,929"
1Q 25-08 회사채(A+이상)액티브,"106,975",상승 35,+0.03%,"106,978",+0.82%,"2,148",229
TIGER 글로벌메타버스액티브,"12,000",상승 180,+1.52%,"12,123",+23.06%,"24,490",293
TIGER 코리아밸류업,"9,425",하락 30,-0.32%,"9,432",N/A,"54,875",517
KoAct 바이오헬스케어액티브,"12,780",0,0.00%,"12,791",-12.82%,"185,630","2,377"
TIGER 글로벌4차산업혁신기술(합..,"17,140",상승 105,+0.62%,"17,229",+1.52%,"28,577",489
TIGER 26-04 회사채(A+이상)액티..,"50,020",0,0.00%,"50,032",N/A,"2,883",144
RISE 2차전지TOP10인버스(합성),"36,180",상승 905,+2.57%,"36,273",+36.43%,"190,169","6,814"
RISE 코스닥150,"11,095",하락 20,-0.18%,"11,083",-14.20%,"14,156",157
KODEX 미국서학개미,"20,425",상승 895,+4.58%,"20,275",+46.02%,"1,594,469","32,382"
TIGER 미국다우존스30,"31,150",상승 490,+1.60%,"31,172",+11.39%,"40,836","1,267"
마이티 26-09 특수채(AAA)액티브,"107,470",하락 15,-0.01%,"107,459",+1.10%,14,1
TIGER 코스닥150,"11,480",하락 20,-0.17%,"11,457",-13.89%,"100,622","1,157"
PLUS 코스피TR,"13,170",하락 50,-0.38%,"13,167",-7.13%,86,1
KODEX 미국AI테크TOP10,"12,235",상승 270,+2.26%,"12,177",+25.54%,"274,758","3,349"
BNK 26-06 특수채(AAA이상)액티..,"50,080",하락 5,-0.01%,"50,081",N/A,1,0
KODEX 미국종합채권ESG액티브(H),"100,530",하락 25,-0.02%,"100,494",-3.41%,"2,464",247
KOSEF 단기자금,"104,980",상승 20,+0.02%,"104,980",+0.82%,"19,270","2,022"
TIGER 차이나CSI300레버리지(합..,"20,395",상승 460,+2.31%,"20,760",+55.32%,"28,037",566
히어로즈 25-09 회사채(AA-이상)..,"50,460",0,0.00%,"50,474",+0.85%,0,0
ACE 미국빅테크TOP7 Plus레버리..,"33,405","상승 1,580",+4.96%,"33,078",+58.06%,"111,386","3,697"
RISE 25-03 회사채(AA-이상)액티..,"51,060",상승 5,+0.01%,"51,063",+0.85%,569,29
KODEX 차이나CSI300,"13,050",상승 155,+1.20%,"13,082",+24.11%,"41,723",543
ACE 미국30년국채엔화노출액티브..,"9,090",하락 5,-0.05%,"9,101",-11.19%,"150,254","1,366"
파워 종합채권(AA-이상)액티브,"100,285",하락 375,-0.37%,"100,424",N/A,"3,002",301
SOL 미국AI전력인프라,"13,430",상승 185,+1.40%,"13,529",+24.37%,"255,647","3,430"
TIGER 소프트웨어,"7,770",하락 65,-0.83%,"7,767",+2.08%,"121,543",946
HK 종합채권(AA-이상)액티브,"108,960",0,0.00%,"108,807",+1.50%,0,0
KODEX K-메타버스액티브,"6,395",하락 10,-0.16%,"6,426",-0.47%,"31,797",204
KODEX 배당가치,"13,290",하락 80,-0.60%,"13,305",-4.47%,"4,688",62
TIMEFOLIO Korea플러스배당액티..,"13,125",하락 65,-0.49%,"13,156",-0.67%,"59,080",777
ACE 미국나스닥100채권혼합액티..,"13,825",상승 155,+1.13%,"13,799",+12.46%,"243,023","3,350"
RISE 메타버스,"5,660",하락 20,-0.35%,"5,655",+0.09%,"8,344",47
1Q K200액티브,"10,260",하락 60,-0.58%,"10,259",-7.19%,"29,316",300
TIGER AI반도체핵심공정,"8,195",하락 200,-2.38%,"8,216",-13.99%,"171,225","1,414"
KODEX AI전력핵심설비,"9,230",하락 70,-0.75%,"9,255",+5.14%,"413,328","3,830"
TIGER 미국S&P500배당귀족,"12,655",상승 200,+1.61%,"12,623",+3.64%,"67,052",845
KODEX AI반도체핵심장비,"8,385",하락 215,-2.50%,"8,400",-15.85%,"380,776","3,211"
TIGER 여행레저,"2,935",하락 25,-0.84%,"2,946",-3.43%,"170,418",501
TIMEFOLIO K바이오액티브,"11,205",상승 5,+0.04%,"11,190",-11.18%,"145,118","1,629"
RISE 단기종합채권(AA-이상)액티..,"110,775",상승 20,+0.02%,"110,784",+0.86%,"6,339",702
TIGER 일본엔선물,"8,830",상승 45,+0.51%,"8,835",-0.06%,"92,991",819
HANARO 종합채권(AA-이상)액티브,"112,255",하락 260,-0.23%,"112,368",+1.52%,"72,317","8,118"
RISE 코스피,"25,065",하락 115,-0.46%,"25,113",-7.15%,882,22
ACE 11월만기자동연장회사채AA-..,"10,460",0,0.00%,"10,462",+0.87%,"3,470",36
HANARO 200TR,"41,215",하락 110,-0.27%,"41,171",-7.10%,14,0
히어로즈 단기채권ESG액티브,"109,800",상승 15,+0.01%,"109,793",+0.94%,"5,229",574
KODEX K-로봇액티브,"12,030",하락 15,-0.12%,"12,003",-5.23%,"41,945",506
ACE 미국반도체데일리타겟커버드..,"10,570",상승 190,+1.83%,"10,687",+9.02%,"579,064","6,086"
TIGER 미디어컨텐츠,"5,360",상승 100,+1.90%,"5,338",+22.18%,"421,560","2,261"
TIGER Fn메타버스,"6,465",0,0.00%,"6,463",+0.54%,"28,972",187
TIGER 국채3년,"107,240",하락 15,-0.01%,"107,224",+0.95%,"1,212",129
KOSEF 미국S&P500,"17,725",상승 265,+1.52%,"17,762",+14.44%,"2,648",46
RISE 국고채10년액티브,"105,210",하락 140,-0.13%,"105,176",+0.67%,"16,579","1,745"
TIGER 배당커버드콜액티브,"9,750",하락 35,-0.36%,"9,775",-4.71%,"24,173",236
HANARO 머니마켓액티브,"50,850",상승 20,+0.04%,"50,847",+0.91%,"41,886","2,129"
TIGER 200 중공업,"5,670",상승 95,+1.70%,"5,696",+9.85%,"497,525","2,824"
PLUS 200TR,"37,310",하락 190,-0.51%,"37,257",-6.95%,124,4
KODEX 200미국채혼합,"12,775",상승 15,+0.12%,"12,756",-0.62%,"46,942",599
KODEX 은선물(H),"5,390",상승 5,+0.09%,"5,378",-3.49%,"163,368",881
TIMEFOLIO 글로벌우주테크&방산..,"13,860",상승 300,+2.21%,"13,960",+19.73%,"165,857","2,292"
PLUS KOFR금리,"106,330",상승 20,+0.02%,"106,332",+0.79%,"1,226",130
KODEX 글로벌비만치료제TOP2 Plu..,"10,575",하락 35,-0.33%,"10,712",-13.74%,"105,671","1,117"
ACE 미국30년국채선물레버리지(..,"5,630",하락 20,-0.35%,"5,637",-21.80%,"223,715","1,261"
KODEX 성장주,"13,205",하락 35,-0.26%,"13,232",-8.02%,"6,279",83
ACE 8월만기자동연장회사채AA-이..,"10,360",0,0.00%,"10,359",+0.93%,"3,292",34
PLUS 고배당주위클리커버드콜,"9,945",하락 35,-0.35%,"9,961",-1.29%,"380,409","3,782"
TIGER 200선물인버스2X,"2,695",상승 20,+0.75%,"2,702",+15.30%,"2,527,010","6,782"
TIGER 중국소비테마,"5,725",하락 55,-0.95%,"5,829",-8.76%,"59,238",340
RISE 중기우량회사채,"106,460",하락 20,-0.02%,"106,457",+0.94%,"1,249",132
WON 25-09 회사채(AA-이상)액티..,"53,850",상승 5,+0.01%,"53,855",+0.93%,435,23
KODEX 헬스케어,"16,185",하락 10,-0.06%,"16,205",-11.24%,"17,952",291
ACE 미국30년국채액티브,"10,190",상승 50,+0.49%,"10,203",-2.15%,"133,084","1,354"
TIGER 200선물레버리지,"10,775",하락 125,-1.15%,"10,759",-15.73%,"178,166","1,926"
RISE 중국본토대형주CSI100,"19,265",상승 285,+1.50%,"19,224",+22.97%,"5,948",113
ACE 글로벌자율주행액티브,"12,470",상승 430,+3.57%,"12,442",+38.79%,"202,092","2,513"
TIGER 미국배당다우존스타겟커버..,"11,990",상승 130,+1.10%,"12,022",+7.59%,"103,396","1,236"
KODEX 삼성전자채권혼합,"10,380",하락 40,-0.38%,"10,394",-3.55%,"58,593",609
RISE 중국본토CSI300,"11,170",상승 175,+1.59%,"11,265",+24.87%,"2,014",22
히어로즈 26-09 회사채(AA-이상)..,"52,445",하락 10,-0.02%,"52,445",+1.11%,"6,119",320
TIGER 미국S&P500레버리지(합성 ..,"48,095","상승 1,220",+2.60%,"48,089",+6.95%,"15,506",744
TIGER 2차전지TOP10레버리지,"1,357",하락 61,-4.30%,"1,365",-50.07%,"2,349,628","3,219"
SOL 미국S&P500ESG,"17,385",상승 340,+1.99%,"17,361",+13.43%,"77,095","1,337"
TIGER 경기방어,"9,830",하락 80,-0.81%,"9,822",-5.34%,"20,442",201
TIGER 인도니프티50레버리지(합..,"44,370",하락 125,-0.28%,"44,986",-5.43%,"5,159",228
SOL CD금리&머니마켓액티브,"50,185",상승 15,+0.03%,"50,183",N/A,"40,671","2,040"
PLUS 신흥국MSCI(합성 H),"9,820",상승 20,+0.20%,"9,785",-3.26%,"26,204",257
RISE 코스닥150선물레버리지,"7,385",하락 65,-0.87%,"7,408",-28.30%,"13,328",98
TIGER 200TR,"18,410",하락 80,-0.43%,"18,370",-6.92%,"9,023",166
KODEX WTI원유선물(H),"14,530",상승 50,+0.35%,"14,612",-0.28%,"69,812","1,020"
PLUS 미국S&P500(H),"24,540",상승 270,+1.11%,"24,538",+4.61%,"9,986",244
TIGER 글로벌AI&로보틱스 INDXX,"13,610",상승 150,+1.11%,"13,621",+14.41%,"44,158",599
KODEX 아시아달러채권ESG플러스..,"61,155",상승 400,+0.66%,"61,098",+6.72%,22,1
KODEX 미국메타버스나스닥액티브,"16,040",상승 440,+2.82%,"16,010",+31.76%,"36,600",584
KODEX 미국10년국채선물,"11,930",상승 40,+0.34%,"11,948",+3.26%,"74,331",885
TIGER 현대차그룹+펀더멘털,"26,895",상승 215,+0.81%,"26,972",-4.28%,"23,459",629
KODEX 미국달러선물,"14,380",상승 80,+0.56%,"14,408",+10.38%,"181,580","2,606"
HANARO 25-12 은행채(AA+이상)액..,"10,075",하락 5,-0.05%,"10,079",N/A,4,0
HANARO Fn K-POP&미디어,"6,945",상승 55,+0.80%,"6,947",+22.27%,"84,265",588
ACE 구글밸류체인액티브,"11,575",상승 300,+2.66%,"11,523",+20.27%,"50,347",581
KODEX 차이나H레버리지(H),"2,075",하락 10,-0.48%,"2,079",+13.81%,"133,448",278
RISE 고배당,"13,140",하락 85,-0.64%,"13,138",-3.57%,"16,730",219
ACE 마이크로소프트밸류체인액티..,"12,740",상승 285,+2.29%,"12,690",+22.71%,"32,083",407
RISE 대형고배당10TR,"17,770",하락 40,-0.22%,"17,754",-5.87%,"6,942",123
RISE 미국S&P500(H),"14,795",상승 180,+1.23%,"14,787",+4.16%,"29,551",436
TIGER 미국나스닥바이오,"23,545",상승 215,+0.92%,"23,559",-0.53%,"17,827",418
KODEX TRF5050,"16,260",상승 135,+0.84%,"16,251",+6.02%,"44,470",721
KODEX 반도체레버리지,"7,410",하락 135,-1.79%,"7,407",N/A,"169,575","1,266"
TIGER 골드선물(H),"17,030",상승 80,+0.47%,"17,017",-1.34%,"27,970",476
SOL 한국형글로벌반도체액티브,"19,075",상승 430,+2.31%,"18,979",+8.12%,"26,229",497
RISE 미국달러SOFR금리액티브(합..,"12,010",상승 115,+0.97%,"12,007",+10.39%,"33,819",404
TIGER 조선TOP10,"12,930",상승 635,+5.16%,"12,916",N/A,"875,398","11,199"
ACE 인도컨슈머파워액티브,"10,590",하락 25,-0.24%,"10,741",-1.12%,"9,229",97
ACE 단기채권알파액티브,"108,855",상승 5,0.00%,"108,854",+0.82%,"8,350",908
TIGER 코스닥150 레버리지,"7,340",하락 45,-0.61%,"7,349",-28.02%,"420,923","3,099"
PLUS 단기채권액티브,"115,530",상승 20,+0.02%,"115,526",+0.93%,660,76
TIGER 차이나전기차레버리지(합..,"6,300",상승 90,+1.45%,"6,395",+67.61%,"72,632",454
에셋플러스 글로벌플랫폼액티브,"14,305",상승 465,+3.36%,"14,245",+43.57%,"24,141",344
SOL 미국TOP5채권혼합40 Solacti..,"13,850",상승 125,+0.91%,"13,809",+9.49%,"32,301",446
HANARO CAPEX설비투자iSelect,"13,785",하락 160,-1.15%,"13,781",-2.75%,"31,649",437
RISE 글로벌원자력,"19,490",상승 30,+0.15%,"19,720",+10.57%,"70,405","1,372"
SOL 미국30년국채액티브(H),"8,845",하락 15,-0.17%,"8,902",-10.55%,"27,936",247
ACE 중장기국공채액티브,"106,180",하락 100,-0.09%,"106,214",+1.05%,79,8
KODEX TRF7030,"19,035",상승 255,+1.36%,"19,039",+8.06%,"62,956","1,194"
KODEX Top10동일가중,"7,155",하락 30,-0.42%,"7,167",-9.79%,601,4
KODEX 미국달러선물인버스,"7,735",하락 45,-0.58%,"7,727",-8.36%,"71,434",553
SOL 머니마켓액티브,"50,930",상승 20,+0.04%,"50,925",+0.85%,"2,048",104
ACE AI반도체포커스,"12,085",하락 175,-1.43%,"12,082",-9.65%,"40,662",493
KOSEF 미국양자컴퓨팅,"10,280",상승 315,+3.16%,"10,148",N/A,"1,025,174","10,495"
TIGER 차이나HSCEI,"11,580",하락 55,-0.47%,"11,761",+18.97%,"25,483",297
PLUS 일본반도체소부장,"12,880",상승 195,+1.54%,"12,884",+0.83%,"3,052",39
KODEX 국채선물10년,"69,020",하락 145,-0.21%,"68,881",+0.49%,"2,856",196
PLUS 고배당주채권혼합,"12,435",하락 25,-0.20%,"12,433",+0.15%,"34,370",426
HANARO e커머스,"9,525",하락 50,-0.52%,"9,505",+2.57%,"2,900",27
RISE 미국배당100데일리고정커버..,"10,295",상승 90,+0.88%,"10,334",+4.68%,"190,754","1,967"
KODEX 미국러셀2000(H),"13,560",상승 120,+0.89%,"13,576",-0.44%,"110,090","1,492"
SOL 금융지주플러스고배당,"10,905",하락 90,-0.82%,"10,902",+0.52%,"172,298","1,878"
마이다스 코스피액티브,"19,310",하락 50,-0.26%,"19,285",-5.42%,"1,377",26
KOSEF 미국나스닥100(H),"17,800",상승 270,+1.54%,"17,762",+7.88%,"144,105","2,565"
RISE 국고채3년,"109,495",하락 15,-0.01%,"109,473",+0.97%,285,31
HANARO Fn조선해운,"15,990",상승 555,+3.60%,"16,053",+14.04%,"135,704","2,168"
KODEX 인도타타그룹,"10,470",상승 5,+0.05%,"10,562",-4.30%,"15,811",165
TIGER 일본반도체FACTSET,"11,495",상승 100,+0.88%,"11,550",-1.14%,"24,096",275
ACE 5월만기자동연장회사채AA-이..,"10,365",0,0.00%,"10,368",+0.78%,75,0
RISE 버크셔포트폴리오TOP10,"13,105",상승 165,+1.28%,"13,191",+12.28%,"42,037",550
KODEX 200타겟위클리커버드콜,"9,680",하락 50,-0.51%,"9,686",N/A,"820,753","7,974"
KODEX 차이나H,"20,125",상승 130,+0.65%,"20,155",+19.69%,"8,884",178
RISE AI&로봇,"7,875",하락 10,-0.13%,"7,874",+2.67%,"85,911",682
WON 대한민국국고채액티브,"57,285",하락 60,-0.10%,"57,246",+1.83%,"1,428",81
HANARO 32-10 국고채액티브,"57,100",하락 75,-0.13%,"57,093",+1.13%,"3,211",183
TIGER 레버리지,"13,935",하락 85,-0.61%,"13,877",-15.69%,"40,266",562
ACE 글로벌인컴TOP10 SOLACTIVE,"11,680",상승 120,+1.04%,"11,660",+8.99%,"28,390",330
KOSEF 통안채1년,"106,310",상승 10,+0.01%,"106,330",+0.88%,489,51
KOSEF 글로벌AI반도체,"16,490",상승 210,+1.29%,"16,547",+13.22%,"20,761",341
ACE 미국주식베스트셀러,"19,015",상승 685,+3.74%,"18,941",+35.18%,"195,859","3,713"
TIGER 글로벌AI인프라액티브,"13,770",상승 310,+2.30%,"13,803",+18.85%,"56,532",776
HANARO 원자력iSelect,"17,340",하락 200,-1.14%,"17,358",+2.07%,"56,942",990
TIMEFOLIO 코스피액티브,"8,825",상승 35,+0.40%,"8,827",-7.33%,"4,226",37
TIGER 엔비디아미국채커버드콜밸..,"10,145",상승 70,+0.69%,"10,212",N/A,"1,056,698","10,735"
RISE 금융채액티브,"102,870",하락 65,-0.06%,"102,885",+1.06%,348,35
PLUS 미국채30년액티브,"53,010",상승 325,+0.62%,"52,990",-1.97%,"15,019",795
KODEX 유럽탄소배출권선물ICE(H),"9,955",하락 20,-0.20%,"9,976",+3.69%,"25,506",254
KODEX 미국달러선물레버리지,"16,985",상승 215,+1.28%,"17,020",+20.65%,"155,815","2,637"
RISE 글로벌리얼티인컴,"10,470",상승 80,+0.77%,"10,447",-2.59%,"21,572",225
파워 200,"32,610",하락 85,-0.26%,"32,546",-7.12%,54,1
KODEX 미국S&P500배당귀족커버드..,"8,325",상승 40,+0.48%,"8,283",-4.00%,"23,473",195
KODEX K-신재생에너지액티브,"15,970",하락 50,-0.31%,"15,969",-13.43%,"17,806",285
SOL 자동차TOP3플러스,"10,640",상승 70,+0.66%,"10,640",-5.12%,"48,495",512
KODEX 미디어&엔터테인먼트,"11,095",하락 125,-1.11%,"11,116",+5.25%,"26,023",290
TIGER 인버스,"5,320",상승 30,+0.57%,"5,322",+8.07%,"136,108",722
KODEX 인도Nifty50레버리지(합성..,"17,780",하락 55,-0.31%,"17,969",-5.23%,"18,672",331
KOSEF 미국달러선물,"16,360",상승 115,+0.71%,"16,375",+10.29%,"6,043",98
TIGER 200 헬스케어,"19,300",하락 110,-0.57%,"19,277",-13.73%,"7,956",154
TIGER S&P글로벌헬스케어(합성),"22,940",하락 60,-0.26%,"23,278",-3.99%,"9,324",215
ACE 삼성그룹섹터가중,"13,380",하락 100,-0.74%,"13,371",-12.86%,"2,425",32
WON 단기국공채액티브,"53,065",상승 10,+0.02%,"53,067",+0.89%,1,0
TIGER 글로벌클라우드컴퓨팅INDX..,"13,000",상승 150,+1.17%,"13,132",+32.68%,"39,616",518
KODEX 건설,"2,785",하락 30,-1.07%,"2,781",-12.03%,"47,275",131
KODEX 200IT TR,"10,200",하락 90,-0.87%,"10,198",-15.13%,"6,848",70
SOL 미국나스닥100,"13,490",상승 295,+2.24%,"13,470",+18.00%,"34,985",470
KODEX 미국부동산리츠(H),"11,915",상승 90,+0.76%,"11,917",-9.48%,"26,865",320
TIGER 인터넷TOP10,"3,735",상승 5,+0.13%,"3,732",+10.68%,"129,620",483
TIMEFOLIO 미국S&P500액티브,"22,970",상승 585,+2.61%,"22,955",+23.33%,"48,526","1,112"
KODEX iShares미국하이일드액티..,"11,760",상승 120,+1.03%,"11,734",+8.68%,"36,750",431
KODEX 고배당,"10,360",하락 30,-0.29%,"10,389",+1.11%,"16,040",166
KODEX 200ESG,"12,990",하락 80,-0.61%,"12,984",-5.36%,"4,027",52
PLUS 미국장기우량회사채,"96,700",상승 590,+0.61%,"96,607",+0.67%,"1,301",125
PLUS 미국S&P500,"16,390",상승 290,+1.80%,"16,392",+13.44%,"5,141",84
KODEX 미국테크1조달러기업포커..,"13,435",상승 235,+1.78%,"13,425",+21.83%,"37,474",501
KoAct 글로벌AI&로봇액티브,"16,190",상승 510,+3.25%,"16,153",+20.15%,"95,523","1,541"
KODEX 코스피100,"25,065",하락 155,-0.61%,"25,082",-6.94%,"17,782",447
ACE 200TR,"21,060",하락 155,-0.73%,"21,078",-7.07%,"4,822",101
RISE 2차전지TOP10,"8,470",하락 235,-2.70%,"8,484",-29.51%,"131,815","1,129"
TIGER 차이나바이오테크SOLACTIV..,"5,800",상승 5,+0.09%,"5,821",+18.87%,"8,432",48
KoAct 배당성장액티브,"9,355",상승 5,+0.05%,"9,375",-5.07%,"6,935",64
TIGER 유로스탁스50(합성 H),"17,220",하락 85,-0.49%,"17,459",-1.54%,"3,729",64
RISE 컨택트대표,"5,950",상승 15,+0.25%,"5,961",+1.89%,99,0
KODEX 한국대만IT프리미어,"25,065",상승 185,+0.74%,"25,172",+6.09%,"8,661",216
DAISHIN343 K200,"32,550",하락 215,-0.66%,"32,558",-6.25%,13,0
HANARO Fn K-뉴딜디지털플러스,"7,020",하락 75,-1.06%,"7,006",-13.74%,"1,726",12
SOL 미국AI반도체칩메이커,"11,450",상승 220,+1.96%,"11,492",+11.69%,"52,916",605
ACE 포스코그룹포커스,"4,315",하락 45,-1.03%,"4,315",-32.81%,"313,820","1,359"
KODEX 금융고배당TOP10타겟위클..,"9,940",하락 90,-0.90%,"9,971",N/A,"774,753","7,721"
KODEX 증권,"7,635",하락 45,-0.59%,"7,654",-1.92%,"112,654",861
WON 미국S&P500,"16,665",상승 300,+1.83%,"16,646",+14.12%,"29,640",492
PLUS 미국나스닥테크,"36,795",상승 640,+1.77%,"36,783",+11.02%,"4,081",149
PLUS 우주항공&UAM,"13,010",하락 50,-0.38%,"13,037",-2.17%,"13,836",180
HANARO MSCI Korea TR,"13,460",하락 85,-0.63%,"13,450",-9.22%,17,0
RISE 중장기국공채액티브,"108,965",하락 15,-0.01%,"108,908",+1.02%,14,1
KOSEF 국고채10년레버리지,"113,490",하락 930,-0.81%,"113,992",+0.18%,278,31
TIGER 글로벌멀티에셋TIF액티브,"11,750",상승 130,+1.12%,"11,720",+7.76%,"3,403",39
HANARO 200선물레버리지,"15,670",하락 105,-0.67%,"15,642",-16.14%,37,0
PLUS 미국단기회사채(AAA~A),"131,145","상승 1,070",+0.82%,"131,009",+8.76%,"1,465",191
KoAct 코리아밸류업액티브,"9,715",하락 30,-0.31%,"9,726",N/A,"273,443","2,647"
RISE 미국30년국채커버드콜(합성..,"9,675",상승 50,+0.52%,"9,698",-0.11%,"35,289",340
ACE KPOP포커스,"8,180",상승 110,+1.36%,"8,198",+27.89%,"245,972","2,026"
RISE 게임테마,"8,280",하락 160,-1.90%,"8,309",-1.57%,"8,800",73
RISE 코리아밸류업,"9,385",하락 35,-0.37%,"9,406",N/A,"1,328",12
TIGER 차이나항셍테크레버리지(..,"6,900",상승 30,+0.44%,"6,859",+24.57%,"34,826",240
KODEX 차이나심천ChiNext(합성),"10,110",상승 105,+1.05%,"10,124",+44.69%,"23,578",236
KODEX K-친환경조선해운액티브,"15,200",상승 430,+2.91%,"15,198",+15.21%,"46,281",700
TIGER 구리실물,"11,390",상승 15,+0.13%,"11,593",+1.61%,"39,018",445
KODEX 미국S&P500금융,"17,830",상승 315,+1.80%,"17,798",+16.36%,"39,862",708
SOL 미국배당다우존스TR,"10,810",상승 150,+1.41%,"10,803",N/A,"145,371","1,565"
KODEX 3대농산물선물(H),"8,330",하락 50,-0.60%,"8,383",-2.73%,"10,620",88
KODEX 코스피TR,"12,135",하락 30,-0.25%,"12,132",-6.67%,"4,188",50
KOSEF 글로벌퓨처모빌리티,"12,130",하락 30,-0.25%,"12,326",+14.02%,"29,732",362
RISE 미국AI테크액티브,"11,480",상승 340,+3.05%,"11,419",N/A,"105,991","1,215"
KODEX 시스템반도체,"7,780",하락 95,-1.21%,"7,787",-12.55%,"9,413",73
히어로즈 국고채30년액티브,"63,520",하락 345,-0.54%,"63,327",+3.64%,"9,624",610
KODEX 차이나A50,"22,180",상승 235,+1.07%,"22,315",+18.49%,"5,948",132
TIGER 글로벌이노베이션액티브,"17,710",상승 360,+2.07%,"17,675",+16.48%,"4,952",87
ACE 일본반도체,"11,065",상승 100,+0.91%,"11,081",-0.90%,"1,593",17
TIGER 배당성장,"19,215",하락 25,-0.13%,"19,214",-3.29%,"2,872",55
RISE 5G테크,"9,640",0,0.00%,"9,633",-8.19%,"12,085",115
RISE 미국반도체NYSE(H),"14,245",상승 230,+1.64%,"14,215",-1.79%,"22,025",312
KODEX WTI원유선물인버스(H),"4,290",0,0.00%,"4,250",-2.05%,"117,284",498
RISE 미국반도체NYSE,"15,850",상승 290,+1.86%,"15,864",+7.73%,"24,377",383
KODEX 200롱코스닥150숏선물,"9,290",하락 25,-0.27%,"9,276",+6.88%,"5,283",49
RISE 글로벌테크놀로지(합성 H),"32,490",상승 125,+0.39%,"32,543",+8.46%,"1,275",41
KODEX 미국S&P500산업재(합성),"34,180",상승 555,+1.65%,"34,189",+8.78%,"11,524",392
TIGER 미국방산TOP10,"9,660",상승 60,+0.63%,"9,830",N/A,"83,693",808
ACE 인도네시아MSCI(합성),"9,700",하락 5,-0.05%,"9,778",-12.65%,"18,958",182
FOCUS AI코리아액티브,"11,455",하락 55,-0.48%,"11,396",-8.83%,55,0
SOL 국고채3년,"106,705",하락 85,-0.08%,"106,698",+0.91%,565,60
KODEX 차이나2차전지MSCI(합성),"6,595",상승 40,+0.61%,"6,658",+27.78%,"11,096",72
KODEX 미국S&P500에너지(합성),"14,450",상승 110,+0.77%,"14,508",+2.72%,"9,258",133
KODEX 일본TOPIX100,"22,200",상승 420,+1.93%,"22,339",+5.09%,"5,025",110
HANARO 글로벌생성형AI액티브,"21,600",상승 500,+2.37%,"21,518",+38.63%,"33,989",731
RISE 내수주플러스,"8,270",하락 25,-0.30%,"8,293",-5.25%,"13,700",113
WON 미국우주항공방산,"16,960",상승 425,+2.57%,"16,973",+14.83%,"14,871",251
TIGER TSMC파운드리밸류체인,"15,750",상승 155,+0.99%,"15,800",+4.56%,"25,382",398
KODEX 미국S&P500헬스케어,"12,445",상승 105,+0.85%,"12,462",-2.06%,"24,921",309
ACE 인도시장대표BIG5그룹액티브,"9,320",하락 30,-0.32%,"9,362",-10.44%,"6,865",63
TIGER 200커버드콜,"8,005",하락 5,-0.06%,"8,005",-2.86%,"29,795",238
ACE 아시아TOP50S&P,"16,920",상승 105,+0.62%,"16,969",+10.52%,"5,564",93
TIGER 삼성그룹펀더멘털,"10,585",하락 130,-1.21%,"10,591",-12.13%,"3,102",32
KODEX 배당성장채권혼합,"13,020",하락 30,-0.23%,"13,032",-0.38%,"9,343",121
RISE 국채선물10년인버스,"54,585",상승 115,+0.21%,"54,574",+1.23%,28,1
WON 반도체밸류체인액티브,"7,925",하락 40,-0.50%,"7,906",-10.91%,"2,142",17
RISE 200선물인버스2X,"2,560",상승 20,+0.79%,"2,561",+15.98%,"90,002",229
KODEX TDF2030액티브,"13,015",상승 95,+0.74%,"13,009",+5.16%,"18,162",235
WON 전단채플러스액티브,"50,325",상승 15,+0.03%,"50,325",N/A,"15,029",756
TIGER 미국달러선물인버스2X,"5,140",하락 65,-1.25%,"5,126",-16.52%,"13,953",71
ACE 일본Nikkei225(H),"28,055",상승 415,+1.50%,"28,051",+4.07%,"2,445",68
TIGER 미국나스닥100ETF선물,"11,160",상승 270,+2.48%,"11,156",N/A,"5,168",57
KODEX 보험,"9,680",하락 60,-0.62%,"9,680",-4.46%,"31,783",306
KODEX TDF2040액티브,"13,885",상승 110,+0.80%,"13,901",+6.68%,"19,628",272
PLUS 국고채30년액티브,"113,510","하락 1,410",-1.23%,"113,993",+4.06%,282,31
ACE 코리아밸류업,"9,600",상승 5,+0.05%,"9,608",N/A,639,6
SOL KIS단기통안채,"109,130",0,0.00%,"109,159",+0.76%,0,0
KODEX 글로벌로봇(합성),"19,320",상승 290,+1.52%,"19,416",+11.81%,"4,795",92
TIGER 차이나반도체FACTSET,"7,365",상승 120,+1.66%,"7,482",+57.67%,"60,145",439
HANARO 글로벌럭셔리S&P(합성),"20,305",상승 250,+1.25%,"20,438",+15.39%,"6,665",134
KODEX 미국S&P500테크놀로지,"15,455",상승 260,+1.71%,"15,463",+16.74%,"10,742",165
KODEX 33-06 국고채액티브,"10,875",하락 20,-0.18%,"10,882",+0.83%,"8,876",96
ACE 일본TOPIX레버리지(H),"42,500",상승 995,+2.40%,"42,677",+6.53%,577,24
TIGER 코스닥150바이오테크,"12,265",하락 10,-0.08%,"12,376",-8.77%,"21,207",260
SOL 코스닥150,"10,940",하락 45,-0.41%,"10,975",-14.21%,148,1
KODEX 탄소효율그린뉴딜,"8,050",하락 30,-0.37%,"8,049",-7.45%,"8,307",66
RISE 차이나HSCEI(H),"8,655",하락 45,-0.52%,"8,743",+9.02%,"7,892",68
PLUS 미국S&P500성장주,"11,505",상승 235,+2.09%,"11,487",N/A,"115,293","1,320"
RISE 미국AI밸류체인TOP3Plus,"12,520",상승 200,+1.62%,"12,474",+23.63%,"31,406",392
ACE 글로벌메타버스테크액티브,"14,650",상승 230,+1.60%,"14,738",+19.47%,626,9
HK 26-12 회사채(AA-이상)액티브,"100,035",상승 15,+0.01%,"100,021",N/A,10,1
TIGER 우주방산,"11,380",상승 40,+0.35%,"11,379",+3.14%,"113,155","1,283"
TIGER 코스피고배당,"15,095",하락 70,-0.46%,"15,121",+0.82%,"9,200",139
ACE 코스닥150,"11,280",하락 30,-0.27%,"11,260",-13.99%,"6,710",75
KODEX 삼성그룹밸류,"7,795",하락 55,-0.70%,"7,787",-12.73%,"9,081",70
TIGER 200 건설,"2,595",하락 35,-1.33%,"2,589",-15.84%,"159,198",413
KODEX 게임산업,"6,765",하락 85,-1.24%,"6,753",-5.45%,"35,960",244
RISE 미국단기투자등급회사채액..,"12,250",상승 75,+0.62%,"12,231",+8.41%,"40,996",501
KOSEF 미국달러선물레버리지,"16,150",상승 225,+1.41%,"16,187",+20.19%,"2,877",46
KODEX 테슬라밸류체인FactSet,"16,930",상승 510,+3.11%,"16,825",+29.44%,"23,157",390
KODEX 일본부동산리츠(H),"10,765",상승 120,+1.13%,"10,780",-4.84%,"40,689",434
TIGER 글로벌사이버보안INDXX,"14,675",상승 235,+1.63%,"14,711",+15.38%,"15,642",228
KODEX 미국나스닥100선물인버스(..,"7,445",하락 115,-1.52%,"7,425",-6.09%,"93,933",697
KODEX 53-09 국고채액티브,"12,020",하락 15,-0.12%,"12,014",+3.62%,"109,624","1,316"
TIGER 미국AI반도체팹리스,"12,060",상승 300,+2.55%,"12,036",+18.07%,"26,460",318
ACE 국고채3년,"103,200",하락 15,-0.01%,"103,221",+0.87%,487,50
TIGER 차이나클린에너지SOLACTIV..,"6,430",상승 5,+0.08%,"6,541",+21.69%,"6,917",44
KODEX 웹툰&드라마,"3,135",하락 25,-0.79%,"3,145",+9.34%,"6,995",22
TIGER 원유선물Enhanced(H),"4,250",상승 35,+0.83%,"4,263",-0.47%,"24,707",104
마이티 다이나믹퀀트액티브,"11,505",하락 35,-0.30%,"11,476",-6.48%,8,0
TIGER 리츠부동산인프라채권TR K..,"4,545",하락 15,-0.33%,"4,538",-7.30%,"7,889",35
KODEX 에너지화학,"9,585",하락 85,-0.88%,"9,613",-22.24%,"24,774",238
TIMEFOLIO 글로벌소비트렌드액티..,"11,680",상승 200,+1.74%,"11,755",N/A,"162,482","1,907"
TIGER 200IT레버리지,"23,305",하락 355,-1.50%,"23,273",-30.40%,"3,333",77
ACE 애플밸류체인액티브,"11,230",상승 205,+1.86%,"11,256",+12.56%,"29,001",325
KOSEF 코리아밸류업,"9,390",상승 10,+0.11%,"9,413",N/A,"58,837",554
RISE 미국고정배당우선증권 TR,"11,865",하락 95,-0.79%,"11,940",+2.62%,"9,853",116
KODEX 미국S&P바이오(합성),"29,190",상승 340,+1.18%,"29,190",+0.54%,"6,533",189
TIGER Fn신재생에너지,"7,675",하락 55,-0.71%,"7,680",-12.56%,"10,089",77
RISE TDF2050액티브,"13,535",상승 155,+1.16%,"13,514",+7.51%,"16,082",216
TIGER 게임TOP10,"5,315",하락 65,-1.21%,"5,316",-4.27%,"73,365",391
TIGER 반도체TOP10레버리지,"4,315",하락 125,-2.82%,"4,306",-23.51%,"204,007",888
ACE ESG액티브,"7,275",하락 35,-0.48%,"7,296",-6.70%,615,4
TIGER KEDI혁신기업ESG30,"9,255",하락 35,-0.38%,"9,266",-8.56%,"5,143",47
PLUS 애플채권혼합,"13,120",상승 160,+1.23%,"12,988",+7.99%,"40,573",532
KODEX 차이나과창판STAR50(합성),"8,485",상승 210,+2.54%,"8,635",+60.06%,"53,091",448
KODEX 대만테크고배당다우존스,"9,745",상승 180,+1.88%,"9,811",+4.55%,"20,737",200
ACE 주주환원가치주액티브,"12,895",하락 10,-0.08%,"12,903",+4.49%,"10,907",140
TIGER 퓨처모빌리티액티브,"7,010",하락 10,-0.14%,"6,997",-15.42%,"14,913",103
DAISHIN343 AI반도체&인프라액티..,"7,590",하락 10,-0.13%,"7,561",-3.55%,342,2
ACE 라이프자산주주가치액티브,"10,060",하락 40,-0.40%,"10,042",N/A,"20,211",203
KOSEF 국고채3년,"110,120",하락 80,-0.07%,"110,199",+0.89%,131,14
PLUS 미국테크TOP10레버리지(합..,"33,005","상승 1,405",+4.45%,"33,019",+55.13%,"7,760",254
KODEX iShares미국투자등급회사..,"11,640",상승 90,+0.78%,"11,648",+4.23%,"18,349",213
SOL 코리아밸류업TR,"9,370",하락 55,-0.58%,"9,405",N/A,324,3
RISE 미국30년국채액티브,"10,140",상승 65,+0.65%,"10,141",-5.19%,"39,027",395
KODEX IT,"14,745",하락 105,-0.71%,"14,739",-14.70%,"1,028",15
ACE 러시아MSCI(합성),"8,720",0,0.00%,48,0.00%,0,0
SOL KEDI메가테크액티브,"13,960",하락 20,-0.14%,"13,940",-5.16%,"3,974",55
ACE 미국IT인터넷S&P(합성 H),"20,000",상승 195,+0.98%,"20,069",+18.73%,707,14
KODEX S&P글로벌인프라(합성),"18,290",상승 70,+0.38%,"18,412",+6.36%,"2,850",52
1Q 차이나H(H),"13,300",상승 135,+1.03%,"13,248",+8.58%,92,1
히어로즈 25-09 미국채권(AA-이..,"56,870",상승 470,+0.83%,"56,876",+8.99%,"23,437","1,328"
SOL K방산,"10,600",상승 135,+1.29%,"10,623",N/A,"162,577","1,712"
KOSEF 미국달러선물인버스,"8,055",하락 55,-0.68%,"8,046",-8.62%,"2,952",23
HANARO Fn K-푸드,"10,775",하락 175,-1.60%,"10,816",+8.52%,"26,215",283
RISE 글로벌주식분산액티브,"14,090",상승 220,+1.59%,"14,061",+9.34%,"2,068",28
HANARO Fn전기&수소차,"6,875",하락 30,-0.43%,"6,868",-17.54%,"3,704",25
KCGI 미국S&P500 TOP10,"12,880",상승 260,+2.06%,"12,919",+22.58%,"63,318",811
KODEX 배당성장,"15,375",하락 75,-0.49%,"15,376",-2.68%,"2,730",42
RISE 삼성그룹Top3채권혼합,"9,605",하락 45,-0.47%,"9,629",-6.22%,"3,320",31
KOSEF 미국S&P500(H),"15,360",상승 175,+1.15%,"15,343",+4.58%,"15,361",235
WON 종합채권(AA-이상)액티브,"50,835",하락 25,-0.05%,"50,762",+1.52%,148,7
KODEX KRX300,"15,245",하락 30,-0.20%,"15,230",-7.59%,"3,006",45
TIGER 농산물선물Enhanced(H),"5,440",상승 20,+0.37%,"5,447",-5.82%,"7,527",40
PLUS 한화그룹주,"10,465",상승 155,+1.50%,"10,510",N/A,"133,782","1,407"
KODEX 국채선물3년인버스,"54,845",상승 30,+0.05%,"54,938",+0.62%,10,0
KODEX K-미래차액티브,"7,380",상승 5,+0.07%,"7,377",-13.74%,"6,947",51
ACE 글로벌AI맞춤형반도체,"12,500",상승 315,+2.59%,"12,464",N/A,"63,232",789
파워 K-주주가치액티브,"9,970",상승 10,+0.10%,"9,964",-1.58%,152,1
ACE 글로벌브랜드TOP10블룸버그,"18,465",상승 415,+2.30%,"18,526",+19.28%,"59,766","1,102"
PLUS 미국다우존스고배당주(합성..,"17,370",상승 100,+0.58%,"17,368",-1.71%,"7,345",127
PLUS 선진국MSCI(합성 H),"11,675",상승 85,+0.73%,"11,649",-8.56%,"14,360",167
ACE 미국친환경그린테마INDXX,"9,405",상승 95,+1.02%,"9,449",+5.92%,"4,901",46
TIMEFOLIO 코리아밸류업액티브,"9,335",0,0.00%,"9,343",N/A,"187,447","1,753"
RISE 채권혼합,"60,030",하락 135,-0.22%,"60,044",-0.97%,2,0
TIGER 200 에너지화학,"9,220",0,0.00%,"9,244",-20.13%,"605,825","5,631"
에셋플러스 차이나일등기업포커..,"13,805",하락 60,-0.43%,"14,007",+32.62%,"1,756",24
ACE 미국달러단기채권액티브,"11,945",상승 85,+0.72%,"11,925",+9.97%,"23,172",276
KODEX 철강,"9,300",상승 50,+0.54%,"9,320",+7.81%,"11,133",103
RISE 200선물레버리지,"12,990",하락 110,-0.84%,"12,925",-15.62%,"2,528",32
RISE 헬스케어채권혼합,"11,865",하락 30,-0.25%,"11,893",-4.92%,"3,238",38
TIGER 코스닥150선물인버스,"4,245",상승 25,+0.59%,"4,231",+14.36%,"511,423","2,157"
RISE 미국테크100데일리고정커버..,"11,695",상승 235,+2.05%,"11,614",N/A,"60,227",701
KODEX 미국S&P500경기소비재,"18,580",상승 580,+3.22%,"18,651",+25.51%,"4,233",78
BNK 주주가치액티브,"13,235",하락 45,-0.34%,"13,218",-1.59%,415,5
RISE V&S셀렉트밸류채권혼합,"11,475",하락 40,-0.35%,"11,482",-2.27%,"1,228",14
TIGER 200 금융,"8,470",하락 75,-0.88%,"8,458",-0.14%,"11,369",96
KODEX 유럽명품TOP10 STOXX,"9,450",상승 45,+0.48%,"9,596",+11.41%,"16,053",151
RISE 미국S&P원유생산기업(합성 ..,"5,815",상승 50,+0.87%,"5,809",-6.49%,"10,205",59
PLUS 코리아밸류업,"9,420",상승 15,+0.16%,"9,424",N/A,24,0
KODEX 운송,"4,995",상승 5,+0.10%,"4,992",-2.16%,"10,706",53
RISE 배터리 리사이클링,"8,740",하락 185,-2.07%,"8,763",-17.32%,"105,021",928
HANARO 코스닥150,"11,195",하락 80,-0.71%,"11,200",-13.73%,544,6
KOSEF 코스닥150,"5,550",하락 15,-0.27%,"5,573",-14.12%,"6,793",37
히어로즈 미국성장기업30액티브,"15,765",상승 400,+2.60%,"15,692",+14.84%,278,4
KODEX 미국S&P500커뮤니케이션,"16,505",상승 240,+1.48%,"16,565",+21.23%,984,16
RISE 미국AI밸류체인데일리고정..,"11,975",상승 215,+1.83%,"11,906",N/A,"94,866","1,131"
KODEX 미국S&P500유틸리티,"13,150",상승 155,+1.19%,"13,200",+3.60%,"10,311",134
PLUS 미국배당증가성장주데일리..,"10,105",상승 80,+0.80%,"10,152",N/A,"156,169","1,578"
PLUS 글로벌방산,"9,705",상승 185,+1.94%,"9,643",N/A,"19,554",188
TIGER 미국캐시카우100,"13,015",상승 85,+0.66%,"13,094",+9.04%,"24,854",323
KODEX 200가치저변동,"10,835",하락 65,-0.60%,"10,838",-4.76%,"47,275",511
에셋플러스 코리아플랫폼액티브,"6,190",하락 55,-0.88%,"6,206",-6.09%,"20,383",127
HANARO 주주가치성장코리아액티..,"9,940",하락 55,-0.55%,"9,975",-4.95%,100,0
TIGER 유로스탁스배당30,"12,080",하락 75,-0.62%,"12,124",-1.02%,"1,517",18
PLUS 미국테크TOP10,"19,495",상승 400,+2.09%,"19,438",+26.75%,"8,893",173
TIGER S&P글로벌인프라(합성),"14,520",상승 120,+0.83%,"14,799",+3.94%,"1,465",21
RISE 국채30년레버리지(합성),"24,475",하락 95,-0.39%,"24,497",+5.86%,"4,454",107
TIGER 차이나CSI300인버스(합성),"7,195",하락 55,-0.76%,"7,263",-20.85%,591,4
1Q 코리아밸류업,"9,385",하락 40,-0.42%,"9,409",N/A,96,0
HANARO Fn K-게임,"4,090",하락 30,-0.73%,"4,085",-5.18%,"9,003",36
RISE 글로벌수소경제,"7,260",상승 5,+0.07%,"7,339",+11.02%,"3,440",24
ACE 원자력테마딥서치,"17,110",하락 235,-1.35%,"17,114",+4.42%,"7,553",129
HANARO CD금리액티브(합성),"103,945",상승 10,+0.01%,"103,927",+0.81%,325,33
RISE 미국S&P배당킹,"11,325",상승 165,+1.48%,"11,316",+1.67%,"10,194",115
TIGER K게임,"6,985",하락 105,-1.48%,"6,980",-3.80%,"10,367",72
PLUS 우량회사채50,"118,655",상승 20,+0.02%,"118,640",+0.83%,610,72
TIGER 단기선진하이일드(합성 H),"13,180",0,0.00%,"13,254",-0.83%,"2,141",28
SOL 글로벌탄소배출권선물ICE(합..,"11,800",상승 50,+0.43%,"11,831",+2.22%,"5,260",61
파워 코스피100,"24,580",하락 35,-0.14%,"24,524",-7.22%,95,2
KODEX 미국S&P500필수소비재,"12,405",상승 70,+0.57%,"12,541",+4.61%,"8,240",102
KODEX 구리선물(H),"6,905",하락 40,-0.58%,"6,900",-8.07%,"7,326",50
TIGER 일본TOPIX(합성 H),"23,470",상승 315,+1.36%,"23,562",+3.60%,213,4
KODEX MSCI퀄리티,"8,380",하락 25,-0.30%,"8,365",-6.87%,3,0
HANARO KOFR금리액티브(합성),"106,535",하락 5,0.00%,"106,548",+0.84%,9,0
KODEX 필수소비재,"6,505",하락 25,-0.38%,"6,504",-2.39%,"3,799",24
VITA MZ소비액티브,"7,795",하락 15,-0.19%,"7,830",-2.92%,"34,060",269
KODEX 미국ETF산업Top10 Indxx,"17,910",상승 255,+1.44%,"17,924",+13.82%,"6,294",112
TIGER 한중반도체(합성),"15,475",상승 310,+2.04%,"15,512",+38.49%,36,0
KOSEF 물가채KIS,"115,275",하락 250,-0.22%,"115,187",+1.40%,745,85
KODEX KRX300레버리지,"11,260",하락 125,-1.10%,"11,327",-15.98%,270,3
ACE 멕시코MSCI(합성),"12,390",상승 60,+0.49%,"12,537",-2.38%,"1,769",21
KODEX 미국클린에너지나스닥,"6,875",상승 85,+1.25%,"6,985",+8.64%,"22,943",157
SOL 국고채30년액티브,"54,930",하락 460,-0.83%,"55,290",+3.58%,311,17
KODEX MSCI밸류,"9,960",하락 15,-0.15%,"9,966",-8.44%,3,0
PLUS 글로벌수소&차세대연료전지,"3,775",하락 10,-0.26%,"3,779",+5.87%,"7,514",28
WON 미국빌리어네어,"13,570",상승 405,+3.08%,"13,525",+27.75%,"58,805",793
KOSEF 미국블록버스터바이오테크..,"9,820",상승 130,+1.34%,"9,816",-6.15%,750,7
HANARO K-뷰티,"10,780",하락 105,-0.96%,"10,869",-10.85%,"4,821",51
RISE 미국장기국채선물(H),"8,285",하락 20,-0.24%,"8,295",-8.69%,"1,484",12
TIGER 글로벌자원생산기업(합성 ..,"13,350",상승 30,+0.23%,"13,697",-11.79%,537,7
RISE 200고배당커버드콜ATM,"8,160",하락 10,-0.12%,"8,168",+6.10%,"30,125",245
ITF 200,"32,240",하락 190,-0.59%,"32,247",-7.14%,450,14
KODEX MSCI Korea,"14,860",하락 85,-0.57%,"14,872",-8.68%,470,7
TIGER MSCI KOREA ESG리더스,"8,430",하락 30,-0.35%,"8,441",-6.42%,"9,147",77
KODEX 기계장비,"6,910",0,0.00%,"6,930",-5.54%,"6,126",42
SOL 반도체전공정,"6,650",하락 160,-2.35%,"6,643",-14.50%,"25,953",171
KoAct 미국뇌질환치료제액티브,"10,250",상승 25,+0.24%,"10,377",+4.34%,"16,666",170
TIGER 미국달러선물레버리지,"17,035",상승 210,+1.25%,"17,094",+20.52%,934,15
RISE 중국MSCI China(H),"8,510",상승 95,+1.13%,"8,541",+5.85%,518,4
KOSEF 고배당,"11,340",하락 45,-0.40%,"11,270",+6.36%,"13,930",158
에셋플러스 글로벌대장장이액티..,"19,560",상승 255,+1.32%,"19,584",+25.19%,304,5
KODEX MSCI모멘텀,"12,710",상승 30,+0.24%,"12,730",-1.21%,"2,056",26
히어로즈 미국달러SOFR금리액티..,"12,460",상승 100,+0.81%,"12,433",+10.36%,"2,855",35
ACE 2차전지&친환경차액티브,"6,710",하락 220,-3.17%,"6,721",-31.04%,"16,823",114
PLUS 일본엔화초단기국채(합성),"10,015",상승 35,+0.35%,"10,017",+0.10%,"12,556",125
KODEX 코스닥글로벌,"9,990",하락 125,-1.24%,"10,080",-12.76%,"1,589",15
KoAct 미국천연가스인프라액티브,"9,965",상승 40,+0.40%,"9,937",N/A,"361,049","3,598"
SOL 미국S&P500엔화노출(H),"9,920",상승 180,+1.85%,"9,963",N/A,"104,840","1,038"
HANARO 미국S&P500,"16,520",상승 285,+1.76%,"16,603",+13.09%,"1,727",28
ACE 미국부동산리츠(합성 H),"82,520",상승 660,+0.81%,"82,346",-8.91%,440,36
KOSEF 미국달러선물인버스2X,"4,490",하락 60,-1.32%,"4,475",-16.82%,"8,266",37
HANARO 글로벌반도체TOP10 SOLAC..,"17,895",상승 195,+1.10%,"18,113",+15.29%,"5,252",93
마이티 바이오시밀러&CDMO액티브,"9,715",상승 5,+0.05%,"9,722",N/A,"13,470",130
HK 200,"32,240",하락 165,-0.51%,"32,239",-7.18%,5,0
KOSEF 블루칩,"8,005",하락 100,-1.23%,"8,041",-5.54%,"1,093",8
TRUSTON 코리아밸류업액티브,"9,555",하락 25,-0.26%,"9,585",N/A,167,1
KoAct 글로벌기후테크인프라액티..,"15,895",상승 365,+2.35%,"15,918",+15.63%,"9,161",146
TIGER AI코리아그로스액티브,"11,855",하락 40,-0.34%,"11,865",-6.08%,"1,246",14
WON 한국부동산TOP3플러스,"9,455",하락 10,-0.11%,"9,463",-10.21%,"1,739",16
RISE 코리아금융고배당,"9,455",하락 65,-0.68%,"9,457",N/A,"205,930","1,946"
KODEX 코스피대형주,"11,710",하락 55,-0.47%,"11,727",-6.96%,"1,052",12
KODEX 한중반도체(합성),"15,600",상승 35,+0.22%,"15,696",+36.77%,2,0
FOCUS KRX300,"15,565",하락 155,-0.99%,"15,601",-7.28%,1,0
TIMEFOLIO K컬처액티브,"9,335",하락 25,-0.27%,"9,320",-6.63%,"2,154",20
KODEX 200exTOP,"11,580",하락 100,-0.86%,"11,582",-3.63%,104,1
에셋플러스 글로벌일등기업포커..,"15,435",상승 305,+2.02%,"15,400",+30.15%,492,7
TIGER LG그룹+펀더멘털,"6,500",하락 95,-1.44%,"6,504",-13.31%,"5,063",33
TREX 펀더멘탈 200,"36,605",하락 195,-0.53%,"36,553",-7.24%,2,0
SOL 유럽탄소배출권선물S&P(H),"10,100",하락 15,-0.15%,"10,128",+5.15%,"3,589",36
RISE 5대그룹주,"5,675",하락 15,-0.26%,"5,666",-12.46%,640,3
TIGER 은행,"8,700",하락 30,-0.34%,"8,692",-0.90%,"30,004",259
KOSEF KRX100,"5,025",하락 25,-0.50%,"5,074",-8.60%,"2,493",12
SOL 차이나육성산업액티브(합성),"8,210",상승 215,+2.69%,"8,329",+60.06%,"5,286",43
KODEX 미국스마트모빌리티S&P,"6,015",상승 155,+2.65%,"6,113",+11.94%,"10,763",64
RISE 미국반도체인버스(합성 H),"20,010",하락 190,-0.94%,"20,116",N/A,801,15
마이티 코스피100,"24,970",하락 150,-0.60%,"24,959",-7.22%,128,3
KODEX 기후변화솔루션,"8,980",하락 45,-0.50%,"8,985",-19.92%,267,2
RISE 바이오TOP10액티브,"9,885",0,0.00%,"9,887",N/A,"154,955","1,535"
SOL 미국500타겟커버드콜액티브,"11,090",상승 205,+1.88%,"11,054",N/A,"119,540","1,316"
KOSEF 글로벌전력GRID인프라,"11,080",상승 145,+1.33%,"11,106",+5.09%,"5,535",60
TIGER 탄소효율그린뉴딜,"7,960",하락 40,-0.50%,"7,969",-7.67%,"1,879",15
KODEX MSCI KOREA ESG유니버설,"9,650",하락 15,-0.16%,"9,612",-7.47%,1,0
RISE 글로벌데이터센터리츠(합성..,"12,230",상승 195,+1.62%,"12,260",-3.72%,"2,004",24
TIGER 로우볼,"12,935",하락 5,-0.04%,"12,902",-0.69%,"5,530",71
ACE 일라이릴리밸류체인,"10,660",상승 85,+0.80%,"10,718",N/A,"2,692",28
KODEX K-뉴딜디지털플러스,"7,095",하락 70,-0.98%,"7,102",-13.83%,205,1
PLUS K리츠,"6,470",0,0.00%,"6,465",-12.45%,"9,299",60
TIGER 이머징마켓MSCI레버리지(..,"7,625",하락 130,-1.68%,"7,673",-7.40%,"1,505",11
KODEX iShares미국인플레이션국..,"11,240",상승 80,+0.72%,"11,242",+5.43%,"7,832",87
HANARO 글로벌워터MSCI(합성),"13,845",상승 110,+0.80%,"13,889",+2.39%,659,9
TIGER 금은선물(H),"11,815",상승 30,+0.25%,"11,836",-2.40%,"3,084",36
ACE 글로벌빅파마,"10,300",하락 35,-0.34%,"10,438",N/A,"2,633",27
VITA 밸류알파액티브,"11,770",상승 50,+0.43%,"11,762",+1.25%,"21,300",251
PLUS ESG성장주액티브,"7,840",하락 5,-0.06%,"7,837",-7.43%,25,0
마이다스 일본테크액티브,"21,790",상승 150,+0.69%,"21,969",+2.44%,30,0
TIGER 차이나항셍25,"18,155",하락 120,-0.66%,"18,626",+19.09%,"1,242",22
HK S&P코리아로우볼,"12,960",0,0.00%,"12,916",-3.25%,0,0
TIGER 원유선물인버스(H),"2,810",하락 20,-0.71%,"2,800",-1.91%,"44,581",125
에셋플러스 코리아대장장이액티..,"10,150",하락 45,-0.44%,"10,161",-7.23%,"10,038",101
TRUSTON 주주가치액티브,"11,275",상승 10,+0.09%,"11,290",-3.14%,107,1
PLUS 코스피50,"22,370",하락 125,-0.56%,"22,329",-6.78%,354,7
PLUS TDF2060액티브,"15,190",상승 185,+1.23%,"15,219",+9.65%,"12,428",188
TIGER MKF배당귀족,"12,375",하락 55,-0.44%,"12,436",-3.93%,"1,538",19
KODEX 아시아AI반도체exChina액..,"16,085",상승 35,+0.22%,"16,289",+1.70%,"4,219",67
에셋플러스 글로벌영에이지액티..,"16,030",상승 405,+2.59%,"15,993",+27.03%,18,0
TIGER 유로스탁스레버리지(합성 ..,"10,680",상승 80,+0.75%,"10,793",-4.89%,494,5
HANARO 코리아밸류업,"9,390",하락 10,-0.11%,"9,412",N/A,600,5
파워 고배당저변동성,"33,150",하락 120,-0.36%,"33,228",+2.19%,260,8
RISE 일본섹터TOP4Plus,"10,570",상승 245,+2.37%,"10,592",+7.55%,"1,386",14
SOL 200 Top10,"7,910",하락 40,-0.50%,"7,917",-9.49%,"1,221",9
TIGER 미국S&P500선물인버스(H),"2,875",하락 25,-0.86%,"2,873",-3.49%,"55,805",160
HANARO 바이오코리아액티브,"9,860",상승 30,+0.31%,"9,875",N/A,"8,017",79
TIGER 코리아테크액티브,"7,995",하락 55,-0.68%,"7,972",-12.74%,86,0
PLUS 200선물인버스2X,"5,215",상승 40,+0.77%,"5,217",+15.51%,"12,781",66
SOL KRX300,"15,385",하락 100,-0.65%,"15,386",-6.66%,2,0
에셋플러스 글로벌다이나믹시니..,"14,770",상승 335,+2.32%,"14,726",+16.79%,151,2
KODEX 혁신기술테마액티브,"12,780",상승 35,+0.27%,"12,785",-5.45%,64,0
KODEX KTOP30,"15,305",하락 125,-0.81%,"15,302",-11.27%,92,1
KODEX 200 중소형,"12,690",하락 125,-0.98%,"12,721",-3.79%,679,8
TIGER KRX300,"15,215",하락 70,-0.46%,"15,240",-7.78%,15,0
SOL 자동차소부장Fn,"8,925",상승 125,+1.42%,"8,955",-7.85%,588,5
RISE 차이나항셍테크,"7,200",상승 60,+0.84%,"7,205",+27.39%,"2,988",21
RISE 주식혼합,"37,735",하락 150,-0.40%,"37,685",-3.87%,1,0
TIMEFOLIO K신재생에너지액티브,"10,775",상승 50,+0.47%,"10,704",-17.47%,10,0
TIGER 경기방어채권혼합,"9,415",하락 30,-0.32%,"9,404",-0.93%,"5,138",48
HANARO 고배당,"13,635",하락 5,-0.04%,"13,624",+2.12%,911,12
ACE 레버리지,"5,750",하락 25,-0.43%,"5,722",-15.88%,"5,922",34
SOL 반도체후공정,"8,770",하락 180,-2.01%,"8,778",-14.76%,"27,012",237
KODEX 코스닥150롱코스피200숏선..,"9,290",상승 10,+0.11%,"9,312",-6.83%,"2,930",27
SOL 의료기기소부장Fn,"9,290",하락 145,-1.54%,"9,277",-6.95%,"5,115",47
히어로즈 TDF2050액티브,"14,780",상승 210,+1.44%,"14,749",+8.98%,"3,501",51
KOSEF 차이나A50커넥트MSCI,"9,850",상승 50,+0.51%,"10,103",+19.29%,"1,017",10
KOSEF 코스닥글로벌,"10,545",하락 135,-1.26%,"10,627",-13.18%,"1,150",12
KODEX 200동일가중,"10,475",하락 90,-0.85%,"10,503",-5.96%,"23,906",250
마이다스 중소형액티브,"19,530",하락 120,-0.61%,"19,595",-4.31%,771,15
ACE 일본TOPIX인버스(합성 H),"2,440",하락 25,-1.01%,"2,446",-4.09%,"9,540",23
TIMEFOLIO K이노베이션액티브,"7,320",하락 115,-1.55%,"7,368",-9.38%,418,3
TIGER 미국나스닥넥스트100,"14,640",상승 160,+1.10%,"14,722",+15.84%,"1,407",20
RISE 국채선물3년,"54,550",하락 220,-0.40%,"54,617",+1.06%,4,0
히어로즈 TDF2040액티브,"14,585",상승 190,+1.32%,"14,562",+8.64%,26,0
ACE 중국과창판STAR50,"8,055",상승 285,+3.67%,"8,097",+57.13%,"13,528",108
HANARO 글로벌금채굴기업,"13,150",상승 5,+0.04%,"13,266",-6.11%,"1,551",20
ACE 골드선물 레버리지(합성 H),"24,075",상승 150,+0.63%,"24,101",-4.22%,"6,392",153
KOSEF 200선물인버스2X,"2,560",상승 15,+0.59%,"2,563",+15.42%,"100,453",255
KODEX 미국30년국채울트라선물인..,"11,970",하락 25,-0.21%,"11,998",+12.10%,"1,167",13
TIGER 우량가치,"11,380",하락 75,-0.65%,"11,404",-5.25%,42,0
RISE 미국장기국채선물레버리지(..,"5,490",하락 20,-0.36%,"5,483",-17.76%,"4,700",25
HANARO 탄소효율그린뉴딜,"7,920",하락 35,-0.44%,"7,907",-7.71%,187,1
TIGER 한중전기차(합성),"8,355",하락 5,-0.06%,"8,354",+5.89%,223,1
RISE 글로벌클린에너지,"6,435",상승 205,+3.29%,"6,329",-12.07%,"4,079",25
KODEX 멀티팩터,"11,770",0,0.00%,"11,766",-6.22%,0,0
PLUS S&P글로벌인프라,"17,355",상승 320,+1.88%,"17,370",+5.22%,402,6
KOSEF 미국원유에너지기업,"11,545",상승 125,+1.09%,"11,573",+4.37%,"43,710",503
PLUS 국채선물10년,"55,300",하락 150,-0.27%,"55,208",+0.47%,234,12
히어로즈 TDF2030액티브,"13,565",상승 125,+0.93%,"13,586",+7.56%,16,0
KODEX K-이노베이션액티브,"11,255",하락 85,-0.75%,"11,314",-9.86%,"1,209",13
PLUS 국채선물3년,"56,165",하락 35,-0.06%,"56,140",+0.73%,1,0
RISE 헬스케어,"13,475",하락 25,-0.19%,"13,556",-15.17%,"2,209",29
RISE 유로스탁스50(H),"13,390",상승 15,+0.11%,"13,460",-1.83%,"1,612",21
RISE KQ고배당,"11,145",상승 20,+0.18%,"11,111",+1.88%,180,1
KOSEF 독일DAX,"13,340",상승 75,+0.57%,"13,297",+8.24%,259,3
RISE TDF2040액티브,"13,260",상승 150,+1.14%,"13,242",+6.46%,"8,548",112
WON 200,"32,835",하락 105,-0.32%,"32,776",-7.21%,81,2
WON AI ESG액티브,"8,740",하락 30,-0.34%,"8,737",-5.60%,686,6
KOSEF Fn유전자혁신기술,"8,735",하락 90,-1.02%,"8,741",-10.18%,"3,438",30
TREX 200,"32,700",하락 155,-0.47%,"32,644",-7.08%,42,1
ACE 중국본토CSI300레버리지(합..,"3,430",상승 70,+2.08%,"3,504",+51.35%,"6,098",20
PLUS 200선물레버리지,"26,055",하락 125,-0.48%,"26,047",-16.29%,53,1
RISE V&S셀렉트밸류,"13,010",하락 130,-0.99%,"13,045",-6.97%,5,0
KOSEF K-2차전지북미공급망,"7,220",하락 230,-3.09%,"7,260",-29.58%,"1,551",11
KODEX 국채선물10년인버스,"54,145",상승 145,+0.27%,"54,255",+0.83%,36,1
RISE 미국빅데이터Top3채권혼합,"16,175",상승 305,+1.92%,"16,088",+17.08%,"19,643",316
PLUS 고배당저변동50,"12,890",하락 45,-0.35%,"12,905",+1.13%,"16,929",217
KOSEF K-반도체북미공급망,"7,550",하락 110,-1.44%,"7,584",-3.53%,"2,253",17
UNICORN SK하이닉스밸류체인액티..,"8,550",상승 30,+0.35%,"8,539",N/A,"168,307","1,442"
KOSEF 200선물레버리지,"12,790",하락 110,-0.85%,"12,761",-16.10%,"9,284",119
RISE TDF2030액티브,"12,775",상승 160,+1.27%,"12,761",+4.52%,"5,079",64
PLUS 글로벌AI인프라,"12,710",상승 205,+1.64%,"12,753",+13.48%,723,9
ACE 싱가포르리츠,"12,690",상승 85,+0.67%,"12,783",-8.37%,479,6
KODEX 콩선물(H),"10,535",상승 125,+1.20%,"10,502",-7.79%,306,3
RISE 국채선물10년,"54,370",하락 225,-0.41%,"54,384",+0.56%,44,2
ACE 차이나항셍테크,"7,000",하락 60,-0.85%,"7,157",+27.90%,"2,751",19
KOSEF 코스피100,"24,190",하락 155,-0.64%,"24,219",-7.00%,764,18
ACE 코스피,"25,150",하락 50,-0.20%,"25,130",-7.27%,643,16
HANARO 글로벌탄소배출권선물ICE..,"9,670",상승 100,+1.04%,"9,648",+1.86%,"3,944",37
PLUS 코스피,"25,130",하락 60,-0.24%,"25,103",-7.24%,259,6
HANARO 전력설비투자,"11,350",하락 115,-1.00%,"11,376",+2.69%,"3,296",37
RISE KRX300,"15,520",하락 110,-0.70%,"15,553",-7.60%,106,1
KODEX MSCI EM선물(H),"8,230",0,0.00%,"8,216",-4.25%,313,2
SOL 한국형글로벌전기차&2차전지..,"12,315",상승 215,+1.78%,"12,305",+13.83%,656,8
KODEX 최소변동성,"10,215",0,0.00%,"10,217",-6.84%,0,0
SOL 유럽탄소배출권선물인버스IC..,"12,235",상승 55,+0.45%,"12,210",-6.34%,42,0
KODEX 차이나메타버스액티브,"12,120",0,0.00%,"12,297",+20.72%,202,2
ACE 미국하이일드액티브(H),"10,040",상승 40,+0.40%,"10,006",-0.40%,"2,807",28
BNK 미래전략기술액티브,"10,015",하락 45,-0.45%,"10,012",-4.37%,2,0
RISE 글로벌비만산업TOP2+,"9,985",상승 15,+0.15%,"10,120",-6.95%,"2,677",26
PLUS 글로벌MSCI(합성 H),"19,915",상승 155,+0.78%,"19,951",+0.46%,79,1
TIGER 200커버드콜OTM,"11,935",하락 25,-0.21%,"11,883",-4.77%,199,2
KODEX 모멘텀Plus,"11,890",하락 55,-0.46%,"11,937",-6.02%,14,0
KODEX 한중전기차(합성),"8,485",하락 170,-1.96%,"8,570",+8.32%,109,0
HANARO KAP초장기국고채,"40,730",하락 195,-0.48%,"40,702",+2.45%,"1,408",57
TIGER 지주회사,"9,750",하락 70,-0.71%,"9,756",-6.87%,"3,117",30
PLUS 미국달러SOFR금리액티브(합..,"59,540",상승 410,+0.69%,"59,475",+10.29%,136,8
RISE 미국달러선물인버스,"8,950",하락 50,-0.56%,"8,939",-8.21%,"1,323",11
TIGER MSCI KOREA ESG유니버설,"9,610",하락 20,-0.21%,"9,600",-7.00%,"54,817",528
RISE 우량업종대표주,"11,500",하락 70,-0.61%,"11,528",-1.91%,218,2
PLUS ESG가치주액티브,"7,660",하락 40,-0.52%,"7,654",-7.62%,"9,049",69
TIGER KTOP30,"7,650",하락 70,-0.91%,"7,652",-11.51%,"2,291",17
PLUS 신흥국MSCI인버스(합성 H),"10,995",상승 15,+0.14%,"11,104",+3.63%,13,0
RISE 국채선물5년추종인버스,"56,040",상승 55,+0.10%,"56,215",+0.74%,8,0
KOSEF 의료AI,"9,525",0,0.00%,"9,569",-3.20%,"15,738",150
RISE 글로벌농업경제,"8,720",상승 40,+0.46%,"8,773",-1.31%,706,6
ACE 필리핀MSCI(합성),"14,130",상승 220,+1.58%,"14,326",-10.23%,220,3
SOL 미국테크TOP10인버스(합성),"7,055",하락 195,-2.69%,"7,100",-20.46%,"2,741",19
RISE 미국장기국채선물인버스(H),"11,240",상승 10,+0.09%,"11,255",+11.30%,70,0
RISE 200금융,"11,230",하락 95,-0.84%,"11,214",+0.68%,"11,392",128
PLUS 글로벌HBM반도체,"16,030",상승 110,+0.69%,"16,058",-2.15%,"4,151",66
PLUS 주도업종,"10,165",하락 80,-0.78%,"10,155",-7.20%,28,0
RISE 중소형고배당,"11,065",하락 70,-0.63%,"11,107",+2.11%,"1,958",21
RISE 200선물인버스,"6,115",상승 35,+0.58%,"6,122",+8.19%,"1,430",8
TIGER 라틴35,"4,220",상승 75,+1.81%,"4,227",-1.45%,"6,632",27
히어로즈 글로벌리츠이지스액티..,"10,820",상승 265,+2.51%,"10,905",-3.74%,248,2
SOL KRX기후변화솔루션,"8,995",하락 20,-0.22%,"8,971",-18.96%,24,0
HANARO Fn5G산업,"11,975",하락 115,-0.95%,"11,975",-6.85%,17,0
TIGER 우선주,"10,615",하락 45,-0.42%,"10,627",-11.81%,"2,752",29
RISE 국채선물5년추종,"51,105",하락 185,-0.36%,"51,141",+0.84%,4,0
TIGER 200 생활소비재,"8,295",0,0.00%,"8,334",-2.81%,"1,189",9
KOSEF 글로벌전력반도체,"8,535",상승 100,+1.19%,"8,761",+10.88%,"5,987",51
TIGER 코스닥글로벌,"10,190",하락 160,-1.55%,"10,281",-11.88%,580,5
ACE Fn5G플러스,"8,420",하락 55,-0.65%,"8,414",-5.99%,264,2
TIGER 200커뮤니케이션서비스,"18,025",하락 160,-0.88%,"18,024",+7.08%,409,7
TIMEFOLIO 글로벌안티에이징바이..,"9,145",상승 60,+0.66%,"9,185",-8.79%,"176,843","1,619"
ACE 삼성그룹동일가중,"16,725",하락 115,-0.68%,"16,720",-9.02%,553,9
KOSEF K-테크TOP10,"10,020",하락 95,-0.94%,"10,038",-4.25%,"1,256",12
ACE Fn성장소비주도주,"5,555",하락 35,-0.63%,"5,549",+0.90%,561,3
RISE 차이나H선물인버스(H),"9,975",하락 80,-0.80%,"9,959",-10.50%,18,0
TIGER 의료기기,"14,135",하락 170,-1.19%,"14,158",-5.11%,"3,449",49
KOSEF 미국방어배당성장나스닥,"15,335",상승 250,+1.66%,"15,383",+1.47%,"1,450",22
KOSEF 차이나내수소비TOP CSI,"8,915",상승 50,+0.56%,"8,893",+22.41%,"18,561",165
PLUS 심천차이넥스트(합성),"9,795",상승 190,+1.98%,"9,923",+40.73%,"2,287",22
TIGER 코스피대형주,"12,060",하락 50,-0.41%,"12,089",-7.27%,"1,497",18
PLUS 태양광&ESS,"8,735",하락 95,-1.08%,"8,744",-13.18%,"2,305",20
HANARO Fn K-메타버스MZ,"6,780",하락 20,-0.29%,"6,772",-4.96%,"1,244",8
KODEX 멀티에셋하이인컴(H),"9,490",하락 15,-0.16%,"9,628",-5.89%,2,0
KOSEF 코스닥150선물인버스,"7,525",상승 25,+0.33%,"7,506",+14.85%,"11,819",88
FOCUS ESG리더스,"10,485",하락 90,-0.85%,"10,526",-5.71%,1,0
PLUS 미국대체투자Top10,"23,375",상승 700,+3.09%,"23,466",+22.20%,"1,679",39
RISE 팔라듐선물(H),"4,795",상승 25,+0.52%,"4,820",-10.92%,"13,137",63
PLUS 코스닥150,"11,305",하락 50,-0.44%,"11,311",-13.98%,563,6
TIGER KRX기후변화솔루션,"9,045",하락 65,-0.71%,"9,045",-19.91%,42,0
SOL 차이나태양광CSI(합성),"4,460",상승 40,+0.90%,"4,510",+25.04%,637,2
HANARO 단기채권액티브,"108,780",0,0.00%,"108,801",+0.75%,0,0
HANARO 200선물인버스,"11,035",상승 75,+0.68%,"11,052",+8.14%,250,2
TIGER 증권,"5,640",하락 20,-0.35%,"5,646",+0.89%,"9,659",54
TIGER 200동일가중,"10,965",하락 95,-0.86%,"10,994",-5.55%,"23,035",252
TIGER 200 경기소비재,"15,520",상승 35,+0.23%,"15,604",-3.57%,79,1
PLUS 스마트베타Quality채권혼합,"10,845",하락 5,-0.05%,"10,838",-0.69%,274,2
HANARO 미국메타버스iSelect,"17,055",상승 355,+2.13%,"17,096",+20.45%,125,2
KCGI 테크미디어텔레콤액티브,"7,750",하락 25,-0.32%,"7,747",-6.89%,86,0
HANARO Fn친환경에너지,"6,360",상승 50,+0.79%,"6,333",-21.22%,824,5
KODEX 퀄리티Plus,"8,265",하락 20,-0.24%,"8,285",-3.38%,24,0
HANARO 200선물레버리지1.5X,"10,850",상승 25,+0.23%,"10,805",-11.52%,10,0
PLUS 글로벌AI,"16,240",상승 205,+1.28%,"16,129",+37.23%,"3,605",58
KCGI 스마트커머스액티브,"8,090",하락 85,-1.04%,"8,109",-0.55%,757,6
KODEX 밸류Plus,"7,960",하락 75,-0.93%,"7,990",-1.95%,"1,463",11
KODEX 경기소비재,"7,955",하락 15,-0.19%,"7,943",-8.86%,940,7
BNK 2차전지양극재,"4,965",하락 130,-2.55%,"4,941",-29.24%,"4,540",22
HANARO K-메디테크,"8,795",하락 145,-1.62%,"8,822",+0.51%,22,0
히어로즈 리츠이지스액티브,"6,935",상승 5,+0.07%,"6,960",-11.57%,"1,375",9
BNK 온디바이스AI,"6,880",하락 115,-1.64%,"6,882",-5.28%,"1,750",12
HANARO KRX300,"14,975",상승 15,+0.10%,"14,926",-8.00%,2,0
SOL 차이나강소기업CSI500(합성 ..,"4,640",상승 35,+0.76%,"4,655",+21.83%,"6,572",30
KOSEF 200선물인버스,"6,170",상승 45,+0.73%,"6,176",+7.93%,"8,342",51
UNICORN R&D 액티브,"10,555",하락 60,-0.57%,"10,557",-8.41%,7,0
HANARO 코스닥150선물레버리지1...,"10,075",하락 85,-0.84%,"10,178",-21.51%,995,10
KOSEF SK그룹대표주,"11,975",하락 25,-0.21%,"11,973",-4.31%,"1,753",21
TIGER 모멘텀,"29,625",하락 125,-0.42%,"29,630",+0.46%,31,0
KoAct AI인프라액티브,"7,690",하락 30,-0.39%,"7,692",-4.10%,"1,554",11
RISE 글로벌메타버스,"17,240",상승 150,+0.88%,"17,430",+21.72%,"5,791",99
TIGER 코스피중형주,"13,695",하락 150,-1.08%,"13,747",-4.02%,436,5
TIGER 200 철강소재,"8,950",상승 10,+0.11%,"9,002",+10.03%,"155,717","1,390"
UNICORN 포스트IPO액티브,"6,160",하락 45,-0.73%,"6,150",-16.32%,101,0
TIGER 금속선물(H),"5,525",상승 20,+0.36%,"5,615",-5.33%,"1,552",8
RISE 수출주,"11,010",상승 20,+0.18%,"11,046",-7.88%,"2,209",24
HANARO 농업융복합산업,"8,820",하락 125,-1.40%,"8,838",-8.96%,293,2
KOSEF 미국ETF산업STOXX,"15,435",상승 125,+0.82%,"15,527",+15.55%,244,3
KODEX 골드선물인버스(H),"5,605",하락 25,-0.44%,"5,626",+1.44%,805,4
RISE 팔라듐선물인버스(H),"6,085",하락 50,-0.81%,"6,098",+7.82%,403,2
ACE 인버스,"5,930",상승 15,+0.25%,"5,940",+8.43%,46,0
PLUS 중형주저변동50,"11,810",하락 115,-0.96%,"11,809",-4.52%,21,0
HANARO 글로벌신재생에너지MSCI(..,"7,355",상승 45,+0.62%,"7,372",-3.24%,38,0
TIGER 방송통신,"7,530",하락 70,-0.92%,"7,564",+12.73%,"24,210",182
HK 베스트일레븐액티브,"8,170",0,0.00%,"8,131",-11.48%,0,0
RISE 플랫폼테마,"6,560",상승 35,+0.54%,"6,561",+16.52%,"18,691",122
PLUS TDF2040액티브,"12,975",상승 115,+0.89%,"12,970",+5.76%,114,1
PLUS TDF2050액티브,"14,370",상승 145,+1.02%,"14,376",+9.13%,"1,273",18
RISE 코스닥150선물인버스,"4,255",상승 15,+0.35%,"4,247",+14.29%,"1,599",6
PLUS TDF2030액티브,"12,455",상승 35,+0.28%,"12,453",+4.41%,569,7
KOSEF 코스닥150선물레버리지,"3,230",하락 30,-0.92%,"3,249",-28.51%,"32,646",106
HANARO 반도체핵심공정주도주,"5,515",하락 50,-0.90%,"5,513",-18.58%,"2,341",12
TIGER 200에너지화학레버리지,"3,265",하락 40,-1.21%,"3,281",-37.58%,"4,866",15
ACE 미국빅테크TOP7 Plus인버스(..,"9,515",하락 120,-1.25%,"9,503",-22.83%,"1,244",11
RISE KP달러채권액티브,"58,360",상승 465,+0.80%,"58,256",+8.56%,50,2
PLUS 글로벌희토류&전략자원생산..,"4,195",상승 115,+2.82%,"4,175",+7.23%,"10,906",45
PLUS 코스닥150선물인버스,"6,420",상승 20,+0.31%,"6,425",+14.70%,713,4
TIGER 코스닥150IT,"11,205",하락 180,-1.58%,"11,252",-9.25%,"1,555",17
KoAct 테크핵심소재공급망액티브,"5,875",하락 80,-1.34%,"5,885",-20.28%,"1,779",10
HANARO 200 TOP10,"7,755",하락 30,-0.39%,"7,770",-9.99%,149,1
HANARO Fn골프테마,"5,275",하락 30,-0.57%,"5,261",-8.38%,24,0
UNICORN 생성형AI강소기업액티브,"7,060",상승 5,+0.07%,"7,052",-5.68%,790,5
HANARO 글로벌백신치료제MSCI,"11,410",상승 120,+1.06%,"11,451",-5.29%,223,2
HANARO 미국애그테크,"11,345",0,0.00%,"11,579",+6.16%,416,4
HANARO 코스닥150선물레버리지,"6,525",하락 25,-0.38%,"6,534",-28.65%,"3,247",21
TIGER 200 산업재,"6,370",하락 75,-1.16%,"6,376",-9.23%,65,0
TIGER BBIG레버리지,"1,893",하락 33,-1.71%,"1,865",-14.97%,"10,464",19
SOL 한국형글로벌플랫폼&메타버..,"16,660",상승 185,+1.12%,"16,818",+20.78%,237,3
RISE 창업투자회사,"6,215",하락 35,-0.56%,"6,262",+0.89%,"2,227",13
